t,a,v,soc,kw
42342,10.7,375.8,19.73,4.02
42343,12.9,376.0,19.73,4.84
42344,26.2,376.5,19.73,9.87
42345,33.7,377.2,19.73,12.73
42346,52.6,378.0,19.74,19.89
42347,68.1,379.3,19.75,25.83
42348,81.6,380.7,19.76,31.07
42349,88.3,381.0,19.77,33.65
42350,103.0,381.7,19.78,39.32
42351,118.6,382.4,19.8,45.37
42352,128.1,383.2,19.82,49.08
42353,140.8,384.5,19.83,54.13
42354,152.5,385.2,19.85,58.75
42355,165.5,386.0,19.88,63.87
42356,176.5,386.3,19.9,68.2
42357,188.9,387.7,19.93,73.22
42358,203.0,389.0,19.95,78.98
42359,203.9,389.0,19.98,79.3
42360,204.0,389.0,20.01,79.37
42361,204.3,389.2,20.03,79.5
42362,205.0,389.5,20.07,79.83
42363,205.0,389.8,20.09,79.92
42364,205.7,390.0,20.12,80.22
42365,206.0,390.0,20.15,80.34
42366,206.0,390.0,20.17,80.34
42367,206.1,390.0,20.19,80.36
42368,206.0,390.0,20.22,80.34
42369,206.1,390.5,20.25,80.47
42370,206.1,391.0,20.27,80.57
42371,206.0,391.0,20.29,80.55
42372,206.0,391.0,20.32,80.55
42373,206.0,391.0,20.35,80.54
42374,206.0,391.0,20.38,80.55
42375,206.1,391.0,20.4,80.57
42376,206.1,391.0,20.42,80.57
42377,206.0,391.0,20.45,80.56
42378,206.0,391.0,20.48,80.56
42379,206.0,391.2,20.5,80.56
42380,206.0,392.0,20.54,80.75
42381,206.0,392.0,20.56,80.75
42382,206.0,392.0,20.59,80.77
42383,206.1,392.0,20.61,80.78
42384,206.0,392.0,20.64,80.76
42385,206.0,392.0,20.67,80.75
42386,206.0,392.0,20.7,80.75
42387,206.0,392.0,20.74,80.75
42388,205.9,392.0,20.76,80.72
42389,206.0,392.0,20.79,80.75
42390,205.9,392.0,20.82,80.73
42391,206.0,392.0,20.84,80.74
42392,206.0,392.0,20.88,80.75
42393,206.0,392.0,20.9,80.75
42394,206.0,392.0,20.93,80.74
42395,206.0,392.8,20.96,80.92
42396,206.0,393.0,20.99,80.96
42397,206.0,393.0,21.01,80.96
42398,206.0,393.0,21.05,80.96
42399,206.0,393.0,21.08,80.95
42400,206.0,393.0,21.1,80.95
42401,206.0,393.0,21.13,80.96
42402,206.0,393.0,21.16,80.95
42403,206.0,393.0,21.19,80.95
42404,206.0,393.0,21.21,80.96
42405,206.0,393.0,21.25,80.96
42406,206.0,393.0,21.27,80.95
42407,205.9,393.0,21.29,80.93
42408,205.9,393.0,21.32,80.92
42409,205.9,393.0,21.35,80.91
42410,205.9,393.0,21.38,80.91
42411,205.9,393.0,21.4,80.91
42412,205.9,393.0,21.43,80.91
42413,205.9,393.0,21.45,80.91
42414,205.9,393.0,21.49,80.91
42415,205.9,393.0,21.52,80.91
42416,205.9,393.0,21.54,80.91
42417,205.9,393.0,21.57,80.91
42418,205.9,393.0,21.6,80.91
42419,205.9,393.0,21.63,80.91
42420,205.9,393.6,21.65,81.03
42421,205.9,393.0,21.69,80.91
42422,205.9,393.0,21.71,80.91
42423,205.9,393.5,21.74,81.01
42424,205.9,393.7,21.77,81.06
42425,205.9,393.7,21.8,81.05
42426,205.9,393.3,21.83,80.98
42427,205.9,394.0,21.86,81.12
42428,205.9,394.0,21.88,81.12
42429,205.9,394.0,21.9,81.12
42430,205.9,394.0,21.94,81.12
42431,205.9,394.0,21.96,81.12
42432,205.9,394.0,22.0,81.12
42433,205.9,394.0,22.03,81.12
42434,205.8,394.0,22.05,81.1
42435,205.9,394.0,22.09,81.12
42436,205.9,394.0,22.12,81.12
42437,205.9,394.0,22.14,81.12
42438,205.9,394.0,22.17,81.12
42439,205.8,394.0,22.2,81.08
42440,205.8,394.0,22.22,81.1
42441,205.9,394.0,22.26,81.12
42442,205.9,394.0,22.28,81.12
42443,205.8,394.0,22.31,81.08
42444,205.9,394.0,22.34,81.12
42445,205.8,394.0,22.37,81.1
42446,205.9,394.0,22.4,81.12
42447,205.8,394.0,22.43,81.1
42448,205.9,394.0,22.47,81.12
42449,205.9,394.0,22.49,81.12
42450,205.9,394.0,22.52,81.12
42451,205.8,394.0,22.55,81.09
42452,205.8,394.0,22.58,81.07
42453,205.8,394.0,22.61,81.07
42454,205.8,394.0,22.64,81.08
42455,205.7,394.0,22.67,81.06
42456,205.8,394.0,22.69,81.09
42457,205.8,394.0,22.72,81.09
42458,205.8,394.0,22.75,81.09
42459,205.8,394.0,22.78,81.07
42460,205.7,394.0,22.81,81.05
42461,205.8,394.0,22.84,81.08
42462,205.8,394.0,22.87,81.09
42463,205.8,394.0,22.9,81.08
42464,205.8,394.0,22.93,81.07
42465,205.8,394.0,22.96,81.07
42466,205.7,394.0,22.99,81.04
42467,205.7,394.0,23.02,81.04
42468,205.7,394.0,23.05,81.04
42469,205.7,394.0,23.08,81.04
42470,205.7,394.0,23.11,81.04
42471,205.7,394.0,23.14,81.04
42472,205.7,394.0,23.17,81.04
42473,205.7,394.0,23.2,81.04
42474,205.7,394.0,23.23,81.04
42475,205.7,394.0,23.26,81.04
42476,205.7,394.0,23.28,81.04
42477,205.7,394.0,23.32,81.04
42478,205.7,394.0,23.34,81.04
42479,205.7,394.0,23.37,81.04
42480,205.7,394.0,23.4,81.04
42481,205.7,394.0,23.43,81.04
42482,205.7,394.0,23.46,81.04
42483,205.6,394.0,23.48,80.99
42484,205.6,394.0,23.52,80.99
42485,205.6,394.0,23.55,81.02
42486,205.7,394.0,23.57,81.03
42487,205.6,394.0,23.6,80.99
42488,205.6,394.0,23.63,80.99
42489,205.6,394.0,23.65,80.99
42490,205.6,394.0,23.68,81.01
42491,205.7,394.0,23.72,81.04
42492,205.6,394.0,23.75,80.99
42493,205.6,394.0,23.78,80.99
42494,205.6,394.0,23.81,80.99
42495,205.5,394.0,23.84,80.99
42496,205.5,394.0,23.86,80.98
42497,205.5,394.0,23.89,80.96
42498,205.6,394.0,23.93,80.99
42499,205.6,394.0,23.95,80.99
42500,205.6,394.0,23.98,80.99
42501,205.6,394.0,24.01,80.99
42502,205.6,394.0,24.04,80.99
42503,205.6,394.7,24.06,81.13
42504,205.6,394.0,24.09,80.99
42505,205.6,394.0,24.12,80.99
42506,205.5,394.0,24.15,80.98
42507,205.5,394.0,24.18,80.98
42508,205.6,394.0,24.21,80.99
42509,205.6,394.0,24.24,80.99
42510,205.5,394.0,24.27,80.98
42511,205.6,394.0,24.3,80.99
42512,205.5,394.0,24.32,80.98
42513,205.5,394.0,24.35,80.97
42514,205.6,394.0,24.38,80.99
42515,205.5,394.7,24.41,81.11
42516,205.5,394.0,24.43,80.97
42517,205.5,394.0,24.45,80.97
42518,205.5,394.0,24.49,80.97
42519,205.5,394.0,24.51,80.96
42520,205.4,394.0,24.54,80.93
42521,205.5,394.0,24.56,80.96
42522,205.5,394.0,24.59,80.96
42523,205.5,394.4,24.62,81.06
42524,205.5,394.2,24.65,80.99
42525,205.4,394.0,24.69,80.92
42526,205.5,394.0,24.71,80.97
42527,205.5,394.0,24.75,80.97
42528,205.4,394.0,24.78,80.94
42529,205.5,394.7,24.81,81.09
42530,205.4,394.0,24.84,80.92
42531,205.4,394.0,24.86,80.92
42532,205.4,394.0,24.9,80.95
42533,205.5,394.0,24.93,80.97
42534,205.5,394.0,24.96,80.97
42535,205.4,394.0,24.98,80.92
42536,205.4,394.0,25.02,80.95
42537,205.4,394.0,25.05,80.92
42538,205.4,394.7,25.08,81.06
42539,205.4,394.0,25.11,80.92
42540,205.3,394.1,25.14,80.93
42541,205.4,395.0,25.18,81.13
42542,205.4,394.8,25.2,81.09
42543,205.4,394.5,25.24,81.02
42544,205.3,394.2,25.26,80.94
42545,205.3,394.0,25.29,80.87
42546,205.3,394.3,25.33,80.96
42547,205.3,394.3,25.36,80.96
42548,205.3,394.0,25.39,80.89
42549,205.4,394.0,25.42,80.92
42550,205.4,394.5,25.45,81.02
42551,205.3,394.2,25.47,80.93
42552,205.3,394.0,25.51,80.88
42553,205.4,394.0,25.54,80.92
42554,205.3,394.0,25.56,80.88
42555,205.7,394.3,25.6,81.12
42556,206.4,395.0,25.62,81.51
42557,207.2,395.0,25.65,81.84
42558,207.2,394.4,25.67,81.73
42559,207.2,394.5,25.7,81.76
42560,207.2,394.2,25.72,81.68
42561,207.3,394.5,25.77,81.77
42562,207.2,394.6,25.8,81.75
42563,207.2,394.7,25.82,81.77
42564,207.2,394.3,25.85,81.7
42565,207.2,395.0,25.88,81.84
42566,207.2,394.4,25.91,81.72
42567,207.1,394.8,25.94,81.79
42568,207.1,394.5,25.98,81.72
42569,207.2,394.3,26.0,81.7
42570,207.2,395.0,26.03,81.84
42571,207.2,395.0,26.07,81.84
42572,207.2,395.0,26.09,81.83
42573,207.1,394.3,26.12,81.68
42574,207.2,395.0,26.15,81.83
42575,207.2,394.4,26.19,81.73
42576,207.2,395.0,26.22,81.86
42577,207.2,395.0,26.25,81.84
42578,207.2,394.3,26.27,81.7
42579,207.2,395.0,26.3,81.84
42580,207.2,395.0,26.33,81.84
42581,207.2,395.0,26.37,81.84
42582,207.1,395.0,26.4,81.81
42583,207.1,395.0,26.43,81.79
42584,207.1,395.0,26.46,81.82
42585,207.2,394.3,26.49,81.7
42586,207.1,395.0,26.52,81.81
42587,207.1,395.0,26.54,81.79
42588,207.2,394.4,26.58,81.71
42589,207.1,395.0,26.6,81.81
42590,207.2,395.0,26.64,81.83
42591,207.2,394.7,26.67,81.77
42592,207.2,394.7,26.7,81.78
42593,207.1,395.0,26.73,81.81
42594,207.1,394.8,26.75,81.75
42595,207.1,394.0,26.79,81.58
42596,207.1,394.6,26.83,81.7
42597,207.1,394.7,26.85,81.72
42598,207.1,395.0,26.87,81.79
42599,207.0,395.0,26.9,81.77
42600,207.1,395.0,26.93,81.79
42601,207.1,395.0,26.97,81.79
42602,207.1,395.0,27.0,81.79
42603,207.1,394.3,27.02,81.65
42604,207.1,395.0,27.05,81.79
42605,207.1,394.7,27.08,81.73
42606,207.0,394.7,27.12,81.7
42607,207.1,395.0,27.15,81.79
42608,207.0,395.0,27.18,81.77
42609,207.1,395.0,27.21,81.79
42610,207.0,395.0,27.24,81.77
42611,207.0,395.0,27.28,81.77
42612,207.0,395.0,27.3,81.77
42613,207.0,395.0,27.34,81.75
42614,207.0,394.7,27.37,81.72
42615,207.0,394.7,27.4,81.7
42616,206.9,394.3,27.43,81.6
42617,207.0,394.3,27.46,81.62
42618,206.9,394.6,27.49,81.65
42619,207.0,394.8,27.52,81.72
42620,207.0,394.5,27.57,81.65
42621,207.0,394.8,27.59,81.71
42622,206.9,395.0,27.62,81.72
42623,207.0,394.3,27.65,81.63
42624,207.0,395.0,27.68,81.76
42625,206.9,394.7,27.72,81.65
42626,207.0,394.7,27.74,81.68
42627,206.9,394.4,27.77,81.6
42628,207.0,394.3,27.8,81.62
42629,207.0,394.5,27.83,81.65
42630,207.0,394.0,27.86,81.54
42631,206.9,394.6,27.89,81.63
42632,206.9,394.7,27.91,81.65
42633,206.9,394.7,27.94,81.65
42634,206.9,394.7,27.96,81.65
42635,206.9,394.6,28.0,81.63
42636,206.9,394.5,28.04,81.61
42637,206.9,394.8,28.06,81.68
42638,206.8,394.5,28.09,81.6
42639,206.9,394.4,28.11,81.6
42640,206.9,394.3,28.14,81.58
42641,206.9,394.3,28.18,81.58
42642,206.9,395.0,28.2,81.72
42643,206.9,394.3,28.24,81.58
42644,206.9,394.9,28.27,81.69
42645,206.9,394.5,28.32,81.61
42646,206.9,394.2,28.34,81.55
42647,206.9,394.0,28.37,81.51
42648,206.9,394.9,28.41,81.69
42649,206.9,394.3,28.44,81.58
42650,206.9,395.0,28.47,81.72
42651,206.9,394.3,28.5,81.58
42652,206.9,394.0,28.53,81.51
42653,206.9,394.2,28.56,81.55
42654,206.9,394.5,28.61,81.61
42655,206.9,394.0,28.63,81.51
42656,206.9,394.0,28.67,81.51
42657,206.9,394.3,28.69,81.57
42658,207.0,394.3,28.72,81.62
42659,206.9,394.3,28.76,81.6
42660,206.9,394.3,28.79,81.58
42661,206.9,394.4,28.82,81.6
42662,206.9,394.3,28.85,81.58
42663,206.9,395.0,28.89,81.72
42664,206.9,394.3,28.91,81.58
42665,206.9,395.0,28.95,81.72
42666,206.9,394.3,28.97,81.58
42667,206.9,394.3,29.0,81.58
42668,206.9,394.3,29.03,81.58
42669,206.9,395.0,29.06,81.72
42670,206.9,394.4,29.09,81.6
42671,206.8,395.0,29.12,81.68
42672,206.9,394.5,29.15,81.61
42673,206.8,394.8,29.17,81.65
42674,206.9,395.0,29.21,81.72
42675,206.9,395.0,29.24,81.72
42676,206.9,394.3,29.27,81.58
42677,206.9,394.3,29.3,81.58
42678,206.9,394.9,29.32,81.69
42679,206.9,394.0,29.36,81.51
42680,206.9,394.8,29.38,81.68
42681,206.9,395.0,29.42,81.72
42682,206.9,394.8,29.44,81.68
42683,206.9,394.0,29.47,81.51
42684,206.8,394.0,29.51,81.5
42685,206.9,394.7,29.54,81.65
42686,206.9,395.0,29.57,81.72
42687,206.9,394.3,29.59,81.57
42688,206.9,394.5,29.63,81.61
42689,206.9,395.0,29.66,81.72
42690,206.9,395.0,29.69,81.72
42691,206.9,394.1,29.72,81.54
42692,206.8,394.7,29.75,81.63
42693,206.9,394.3,29.78,81.58
42694,206.9,394.3,29.82,81.58
42695,206.9,395.0,29.85,81.72
42696,206.8,394.3,29.88,81.56
42697,206.9,394.5,29.91,81.61
42698,206.8,394.2,29.94,81.52
42699,206.8,395.0,29.98,81.67
42700,206.9,394.1,30.01,81.54
42701,206.8,394.0,30.03,81.49
42702,206.9,394.0,30.06,81.51
42703,206.9,394.7,30.09,81.65
42704,206.9,394.6,30.12,81.63
42705,206.9,394.7,30.15,81.65
42706,206.9,394.0,30.19,81.51
42707,206.9,394.2,30.21,81.55
42708,206.9,395.0,30.24,81.72
42709,206.9,394.3,30.28,81.58
42710,206.9,395.0,30.3,81.72
42711,206.9,394.0,30.34,81.51
42712,206.8,394.0,30.36,81.49
42713,206.9,395.0,30.4,81.72
42714,206.9,394.8,30.43,81.68
42715,206.9,394.5,30.47,81.61
42716,206.9,394.3,30.49,81.58
42717,206.9,395.0,30.52,81.72
42718,206.8,394.3,30.56,81.55
42719,206.9,394.3,30.59,81.57
42720,206.8,394.3,30.61,81.57
42721,206.9,395.0,30.64,81.71
42722,206.8,395.0,30.67,81.68
42723,206.9,394.2,30.7,81.55
42724,206.9,394.0,30.74,81.51
42725,206.9,394.7,30.76,81.65
42726,206.8,394.0,30.8,81.49
42727,206.9,395.0,30.83,81.72
42728,206.9,395.0,30.86,81.72
42729,206.9,394.0,30.9,81.51
42730,206.9,394.1,30.93,81.54
42731,206.9,394.5,30.96,81.61
42732,206.9,394.8,30.99,81.68
42733,206.9,395.0,31.02,81.72
42734,206.8,394.4,31.05,81.59
42735,206.8,395.0,31.08,81.69
42736,206.8,394.3,31.12,81.55
42737,206.8,395.0,31.15,81.7
42738,206.8,394.3,31.18,81.55
42739,206.8,395.0,31.21,81.7
42740,206.8,395.0,31.25,81.7
42741,206.9,394.8,31.27,81.68
42742,206.9,394.0,31.31,81.51
42743,206.8,394.9,31.34,81.68
42744,206.8,394.3,31.37,81.55
42745,206.8,394.3,31.4,81.55
42746,206.8,394.3,31.43,81.55
42747,206.8,394.0,31.47,81.48
42748,206.8,394.8,31.5,81.66
42749,206.8,395.0,31.53,81.69
42750,206.8,394.8,31.55,81.66
42751,206.8,394.0,31.59,81.48
42752,206.9,394.9,31.63,81.69
42753,206.8,395.0,31.66,81.69
42754,206.8,394.3,31.69,81.55
42755,206.9,395.0,31.72,81.71
42756,206.8,394.6,31.76,81.6
42757,206.9,394.8,31.79,81.68
42758,206.8,395.0,31.83,81.7
42759,206.8,395.0,31.85,81.69
42760,206.8,395.0,31.89,81.69
42761,206.8,395.0,31.93,81.69
42762,206.8,395.0,31.96,81.69
42763,206.8,394.7,31.99,81.62
42764,206.8,394.1,32.01,81.51
42765,206.8,395.0,32.06,81.69
42766,206.8,394.8,32.08,81.66
42767,206.8,394.5,32.12,81.59
42768,206.8,395.0,32.14,81.69
42769,206.8,395.0,32.18,81.71
42770,206.8,394.0,32.22,81.48
42771,206.8,394.7,32.24,81.62
42772,206.8,394.3,32.27,81.54
42773,206.8,394.9,32.3,81.65
42774,206.8,394.5,32.34,81.58
42775,206.8,395.0,32.36,81.69
42776,206.8,394.5,32.4,81.59
42777,206.8,394.0,32.43,81.48
42778,206.8,394.7,32.45,81.62
42779,206.8,394.7,32.48,81.62
42780,206.8,394.7,32.51,81.62
42781,206.8,395.0,32.54,81.69
42782,206.8,394.9,32.57,81.67
42783,206.8,394.5,32.6,81.58
42784,206.8,394.8,32.62,81.66
42785,206.8,394.5,32.66,81.59
42786,206.8,395.0,32.69,81.68
42787,206.8,395.0,32.72,81.69
42788,206.8,395.0,32.75,81.69
42789,206.8,395.0,32.79,81.69
42790,206.7,395.0,32.81,81.66
42791,206.8,395.0,32.84,81.69
42792,206.8,395.0,32.87,81.69
42793,206.8,395.0,32.89,81.69
42794,206.8,395.0,32.93,81.69
42795,206.8,395.0,32.97,81.69
42796,206.8,395.0,33.0,81.69
42797,206.8,395.0,33.02,81.68
42798,206.8,395.0,33.05,81.69
42799,206.8,394.4,33.08,81.56
42800,206.8,394.8,33.11,81.65
42801,206.8,394.5,33.14,81.58
42802,206.8,394.3,33.16,81.54
42803,206.8,395.0,33.19,81.68
42804,206.8,394.3,33.22,81.53
42805,206.8,395.0,33.26,81.68
42806,206.8,394.3,33.29,81.55
42807,206.8,395.0,33.31,81.69
42808,206.8,395.0,33.34,81.69
42809,206.8,395.0,33.37,81.68
42810,206.8,394.5,33.41,81.58
42811,206.8,394.8,33.43,81.65
42812,206.8,395.0,33.47,81.68
42813,206.8,395.0,33.5,81.69
42814,206.9,395.0,33.52,81.71
42815,206.8,395.0,33.56,81.7
42816,206.8,395.0,33.59,81.7
42817,206.8,394.5,33.63,81.58
42818,206.8,394.8,33.65,81.66
42819,206.8,395.0,33.69,81.69
42820,206.8,394.1,33.72,81.51
42821,206.8,394.7,33.75,81.62
42822,206.8,395.0,33.78,81.68
42823,206.8,395.0,33.8,81.69
42824,206.8,395.0,33.83,81.69
42825,206.8,394.9,33.87,81.66
42826,206.8,394.5,33.91,81.59
42827,206.8,395.0,33.93,81.69
42828,206.8,395.0,33.96,81.69
42829,206.8,394.4,33.99,81.57
42830,206.8,395.0,34.02,81.69
42831,206.8,395.0,34.05,81.68
42832,206.8,394.3,34.08,81.55
42833,206.8,395.0,34.11,81.68
42834,206.8,395.0,34.14,81.69
42835,206.8,395.0,34.17,81.69
42836,206.8,395.0,34.19,81.68
42837,206.8,395.0,34.23,81.7
42838,206.8,395.0,34.26,81.71
42839,206.9,395.0,34.29,81.71
42840,206.8,395.0,34.32,81.7
42841,206.8,394.3,34.35,81.55
42842,206.8,395.0,34.38,81.68
42843,206.8,395.0,34.41,81.7
42844,206.9,395.0,34.46,81.72
42845,206.9,395.0,34.48,81.73
42846,207.0,395.0,34.51,81.77
42847,207.0,395.0,34.54,81.77
42848,207.0,395.0,34.57,81.77
42849,207.1,395.0,34.61,81.79
42850,207.1,395.0,34.63,81.79
42851,207.1,395.0,34.65,81.79
42852,207.1,395.0,34.68,81.79
42853,207.1,395.0,34.71,81.79
42854,207.0,395.0,34.74,81.77
42855,207.0,395.0,34.78,81.78
42856,207.1,395.0,34.8,81.79
42857,207.1,395.0,34.83,81.79
42858,207.1,394.3,34.86,81.65
42859,207.1,395.0,34.91,81.79
42860,207.1,395.0,34.93,81.79
42861,207.1,395.0,34.95,81.79
42862,207.1,395.0,34.99,81.79
42863,207.1,395.0,35.01,81.82
42864,207.2,395.0,35.06,81.83
42865,207.2,395.0,35.08,81.84
42866,207.2,395.0,35.11,81.84
42867,207.2,395.0,35.14,81.84
42868,207.1,394.4,35.17,81.71
42869,207.3,395.0,35.21,81.89
42870,207.3,395.0,35.23,81.88
42871,207.3,395.0,35.26,81.88
42872,207.3,395.0,35.29,81.89
42873,207.4,395.0,35.32,81.91
42874,207.5,395.0,35.36,81.95
42875,207.5,395.0,35.38,81.96
42876,207.5,395.0,35.41,81.96
42877,207.6,395.0,35.44,81.98
42878,207.6,395.0,35.48,81.99
42879,207.6,395.0,35.51,82.0
42880,207.7,395.0,35.54,82.04
42881,207.7,395.0,35.57,82.04
42882,207.8,395.0,35.6,82.08
42883,207.3,395.0,35.62,81.9
42884,206.9,395.0,35.66,81.72
42885,206.9,395.0,35.69,81.72
42886,206.9,395.0,35.72,81.73
42887,207.0,395.0,35.75,81.77
42888,207.0,395.0,35.77,81.77
42889,207.1,395.0,35.81,81.79
42890,207.1,395.0,35.84,81.79
42891,207.1,395.0,35.88,81.79
42892,207.1,395.0,35.9,81.79
42893,207.1,395.0,35.93,81.79
42894,207.1,395.0,35.97,81.79
42895,207.1,395.0,36.0,81.79
42896,207.1,395.0,36.03,81.79
42897,207.1,395.0,36.05,81.79
42898,207.1,395.0,36.08,81.79
42899,207.1,395.0,36.12,81.79
42900,207.1,395.0,36.15,81.79
42901,207.1,395.0,36.18,81.79
42902,207.1,395.0,36.21,81.79
42903,207.1,395.0,36.24,81.79
42904,207.1,395.0,36.27,81.79
42905,207.1,395.0,36.31,81.79
42906,207.1,395.0,36.33,81.79
42907,207.1,395.0,36.36,81.79
42908,207.1,395.0,36.4,81.79
42909,207.1,395.0,36.43,81.79
42910,207.1,395.0,36.46,81.79
42911,207.1,395.0,36.49,81.79
42912,207.1,395.0,36.53,81.79
42913,207.1,395.0,36.56,81.79
42914,207.1,395.0,36.6,81.79
42915,207.1,395.0,36.62,81.79
42916,207.1,395.0,36.65,81.79
42917,207.1,395.0,36.68,81.79
42918,207.1,395.0,36.72,81.79
42919,207.1,395.0,36.75,81.79
42920,207.1,395.0,36.78,81.79
42921,207.1,395.0,36.82,81.79
42922,207.1,395.0,36.84,81.79
42923,207.1,395.0,36.88,81.79
42924,207.1,395.0,36.91,81.79
42925,207.1,395.0,36.94,81.79
42926,207.1,395.0,36.97,81.79
42927,207.1,395.0,37.01,81.79
42928,207.1,395.0,37.04,81.79
42929,207.1,395.0,37.07,81.79
42930,207.1,395.0,37.09,81.79
42931,207.1,395.0,37.12,81.79
42932,207.1,395.0,37.16,81.79
42933,207.1,395.0,37.19,81.79
42934,207.1,395.0,37.22,81.79
42935,207.1,395.0,37.25,81.79
42936,207.1,395.0,37.29,81.79
42937,207.1,395.0,37.31,81.79
42938,207.1,395.0,37.34,81.79
42939,207.1,395.0,37.37,81.79
42940,207.1,395.0,37.39,81.79
42941,207.1,395.0,37.42,81.79
42942,207.1,395.0,37.46,81.79
42943,207.1,395.0,37.49,81.79
42944,207.1,395.0,37.52,81.79
42945,207.1,395.0,37.54,81.79
42946,207.1,395.0,37.58,81.79
42947,207.1,395.0,37.61,81.79
42948,207.1,395.0,37.65,81.79
42949,207.1,395.0,37.67,81.79
42950,207.1,395.0,37.71,81.79
42951,207.1,395.0,37.73,81.79
42952,207.1,395.0,37.77,81.79
42953,207.1,395.0,37.8,81.79
42954,207.1,395.0,37.83,81.79
42955,207.1,395.0,37.87,81.79
42956,207.1,395.0,37.89,81.79
42957,207.1,395.0,37.93,81.79
42958,207.1,395.0,37.96,81.79
42959,207.1,395.0,37.99,81.79
42960,207.1,395.0,38.01,81.79
42961,207.1,395.0,38.05,81.79
42962,207.1,395.0,38.08,81.79
42963,207.1,395.0,38.1,81.79
42964,207.1,395.0,38.14,81.79
42965,207.1,395.0,38.16,81.79
42966,207.1,395.0,38.2,81.79
42967,207.1,395.0,38.23,81.79
42968,207.1,395.0,38.26,81.79
42969,207.1,395.0,38.29,81.79
42970,207.1,395.0,38.32,81.79
42971,207.1,395.0,38.36,81.79
42972,207.1,395.0,38.39,81.79
42973,207.1,395.0,38.42,81.79
42974,207.1,395.0,38.44,81.79
42975,207.1,395.0,38.48,81.79
42976,207.1,395.0,38.52,81.79
42977,207.1,395.0,38.54,81.79
42978,207.1,395.0,38.57,81.79
42979,207.1,395.0,38.6,81.79
42980,207.1,395.0,38.64,81.79
42981,207.1,395.0,38.67,81.79
42982,207.1,395.0,38.71,81.79
42983,207.1,395.0,38.73,81.79
42984,207.1,395.0,38.77,81.79
42985,207.1,395.0,38.81,81.79
42986,207.1,395.0,38.84,81.79
42987,207.1,395.0,38.86,81.79
42988,207.1,395.0,38.89,81.79
42989,207.1,395.0,38.93,81.79
42990,207.1,395.0,38.96,81.79
42991,207.1,395.0,38.99,81.79
42992,207.1,395.0,39.01,81.79
42993,207.1,395.0,39.05,81.79
42994,207.1,395.0,39.08,81.79
42995,207.1,395.0,39.12,81.79
42996,207.1,395.0,39.15,81.79
42997,207.1,395.0,39.17,81.79
42998,207.1,395.0,39.21,81.79
42999,207.1,395.0,39.24,81.79
43000,207.1,395.0,39.28,81.79
43001,207.1,395.0,39.3,81.79
43002,207.1,395.0,39.32,81.79
43003,207.1,395.0,39.36,81.79
43004,207.1,395.0,39.38,81.79
43005,207.1,395.0,39.42,81.79
43006,207.1,395.0,39.44,81.79
43007,207.1,395.0,39.48,81.79
43008,207.1,395.0,39.5,81.79
43009,207.1,395.0,39.53,81.79
43010,207.1,395.0,39.57,81.79
43011,207.1,395.0,39.59,81.79
43012,207.1,395.0,39.62,81.79
43013,207.1,395.0,39.65,81.79
43014,207.1,395.0,39.68,81.79
43015,207.1,395.0,39.71,81.79
43016,207.1,395.0,39.75,81.79
43017,207.1,395.0,39.77,81.79
43018,207.1,395.0,39.8,81.79
43019,207.1,395.0,39.83,81.79
43020,207.0,395.0,39.87,81.78
43021,206.9,395.0,39.9,81.74
43022,207.0,395.0,39.92,81.75
43023,207.0,395.0,39.95,81.77
43024,206.9,395.0,39.99,81.73
43025,207.0,395.0,40.02,81.77
43026,206.9,395.0,40.04,81.72
43027,206.9,395.0,40.07,81.74
43028,206.9,395.0,40.1,81.72
43029,206.9,395.0,40.12,81.72
43030,206.9,395.0,40.16,81.72
43031,206.9,395.0,40.19,81.72
43032,206.9,395.0,40.21,81.72
43033,206.9,395.0,40.24,81.72
43034,206.9,395.0,40.27,81.72
43035,206.8,395.0,40.3,81.7
43036,206.8,395.0,40.34,81.7
43037,206.9,395.0,40.37,81.72
43038,206.9,395.0,40.4,81.72
43039,206.9,395.0,40.43,81.72
43040,206.9,395.0,40.47,81.72
43041,206.9,395.0,40.5,81.72
43042,206.9,395.0,40.52,81.72
43043,207.0,395.0,40.55,81.75
43044,207.0,395.0,40.59,81.75
43045,206.9,395.0,40.62,81.74
43046,206.9,395.0,40.65,81.72
43047,206.9,395.0,40.68,81.72
43048,206.9,395.0,40.71,81.72
43049,206.9,395.0,40.74,81.72
43050,206.9,395.0,40.78,81.72
43051,206.9,395.0,40.8,81.72
43052,206.9,395.0,40.83,81.72
43053,206.9,395.0,40.86,81.72
43054,206.9,395.0,40.89,81.72
43055,206.9,395.0,40.92,81.72
43056,206.9,395.0,40.95,81.72
43057,206.9,395.0,40.99,81.72
43058,206.8,395.0,41.02,81.7
43059,206.9,395.0,41.06,81.72
43060,206.8,395.0,41.09,81.7
43061,206.9,395.0,41.12,81.72
43062,206.9,395.0,41.15,81.72
43063,206.8,395.0,41.18,81.68
43064,206.9,395.0,41.21,81.72
43065,206.9,395.0,41.24,81.72
43066,206.8,395.0,41.27,81.69
43067,206.8,395.0,41.3,81.7
43068,206.9,395.0,41.32,81.72
43069,206.9,395.0,41.36,81.72
43070,206.9,395.0,41.39,81.72
43071,206.9,395.0,41.42,81.72
43072,206.9,395.0,41.46,81.72
43073,206.9,395.0,41.5,81.72
43074,206.9,395.0,41.53,81.72
43075,206.9,395.0,41.56,81.72
43076,206.9,395.0,41.59,81.72
43077,206.9,395.0,41.62,81.72
43078,206.9,395.0,41.66,81.72
43079,206.9,395.0,41.69,81.72
43080,206.9,395.0,41.72,81.72
43081,206.9,395.0,41.75,81.72
43082,206.9,395.0,41.77,81.72
43083,206.8,395.0,41.81,81.68
43084,206.9,395.0,41.84,81.71
43085,206.9,395.0,41.86,81.72
43086,206.9,395.0,41.9,81.72
43087,206.8,395.0,41.92,81.69
43088,206.8,395.0,41.96,81.69
43089,206.8,395.0,41.98,81.69
43090,206.8,395.0,42.01,81.69
43091,206.8,395.0,42.04,81.69
43092,206.8,395.0,42.07,81.7
43093,206.9,395.0,42.12,81.72
43094,206.8,395.0,42.14,81.69
43095,206.8,395.0,42.17,81.69
43096,206.8,395.0,42.2,81.69
43097,206.7,395.0,42.22,81.66
43098,206.8,395.0,42.26,81.69
43099,206.8,395.0,42.29,81.69
43100,206.8,395.0,42.32,81.67
43101,206.8,395.0,42.35,81.68
43102,206.8,395.0,42.38,81.67
43103,206.8,395.0,42.41,81.67
43104,206.8,395.0,42.45,81.67
43105,206.8,395.0,42.48,81.67
43106,206.8,395.0,42.51,81.67
43107,206.7,395.0,42.53,81.65
43108,206.7,395.0,42.57,81.64
43109,206.7,395.0,42.6,81.64
43110,206.6,395.0,42.63,81.63
43111,206.6,395.0,42.67,81.63
43112,206.6,395.0,42.7,81.63
43113,206.6,395.0,42.74,81.59
43114,206.6,395.0,42.77,81.59
43115,206.6,395.0,42.8,81.59
43116,206.6,395.0,42.83,81.59
43117,206.6,395.0,42.87,81.59
43118,206.5,395.0,42.9,81.56
43119,206.5,395.0,42.93,81.57
43120,206.5,395.0,42.97,81.57
43121,206.5,395.0,42.99,81.57
43122,206.5,395.0,43.04,81.56
43123,206.4,395.3,43.07,81.61
43124,206.4,395.3,43.1,81.61
43125,206.4,395.0,43.15,81.52
43126,206.4,395.0,43.18,81.52
43127,206.3,395.0,43.2,81.5
43128,206.3,395.0,43.23,81.5
43129,206.4,395.0,43.27,81.52
43130,206.4,395.0,43.31,81.51
43131,206.3,395.0,43.34,81.49
43132,206.3,395.0,43.37,81.48
43133,206.3,395.0,43.39,81.49
43134,206.3,395.0,43.42,81.49
43135,206.3,395.0,43.46,81.47
43136,206.2,395.0,43.49,81.47
43137,206.2,395.0,43.51,81.45
43138,206.1,395.0,43.55,81.41
43139,206.1,395.0,43.58,81.42
43140,206.1,395.0,43.62,81.39
43141,206.1,395.0,43.65,81.39
43142,206.1,395.0,43.68,81.39
43143,206.1,395.0,43.72,81.39
43144,206.1,395.0,43.76,81.39
43145,206.0,395.0,43.8,81.38
43146,206.0,395.0,43.82,81.37
43147,206.0,395.0,43.85,81.37
43148,207.0,395.0,43.88,81.75
43149,207.0,395.0,43.92,81.75
43150,206.9,395.0,43.95,81.72
43151,206.9,395.0,43.98,81.71
43152,206.8,395.4,44.01,81.78
43153,206.8,395.2,44.05,81.72
43154,206.8,395.0,44.08,81.67
43155,206.8,395.0,44.11,81.67
43156,206.8,395.0,44.15,81.67
43157,206.8,395.0,44.18,81.67
43158,206.7,395.0,44.22,81.64
43159,206.7,395.0,44.25,81.64
43160,206.6,395.0,44.27,81.6
43161,206.5,395.0,44.3,81.56
43162,206.6,395.2,44.34,81.63
43163,206.5,395.5,44.38,81.68
43164,206.5,395.7,44.4,81.71
43165,206.5,395.6,44.43,81.68
43166,206.5,395.0,44.46,81.57
43167,206.5,395.0,44.48,81.56
43168,206.4,395.0,44.52,81.52
43169,206.3,395.0,44.55,81.5
43170,206.3,395.0,44.58,81.48
43171,206.3,395.2,44.62,81.51
43172,206.2,395.5,44.67,81.55
43173,206.2,395.0,44.69,81.45
43174,206.1,395.0,44.73,81.41
43175,206.0,395.0,44.76,81.38
43176,206.0,395.0,44.8,81.37
43177,206.5,395.3,44.84,81.65
43178,207.0,396.0,44.88,81.97
43179,207.0,395.5,44.92,81.87
43180,207.0,395.2,44.95,81.81
43181,207.1,396.0,44.99,82.0
43182,206.9,395.3,45.03,81.78
43183,206.8,395.4,45.08,81.79
43184,206.8,395.0,45.12,81.69
43185,206.8,395.0,45.16,81.69
43186,206.8,396.0,45.2,81.9
43187,206.8,395.3,45.25,81.75
43188,206.6,395.5,45.31,81.73
43189,206.8,395.3,45.34,81.74
43190,206.7,396.0,45.39,81.85
43191,206.7,395.1,45.42,81.67
43192,206.6,395.7,45.45,81.74
43193,206.5,395.3,45.48,81.65
43194,206.5,395.3,45.51,81.65
43195,206.5,396.0,45.55,81.76
43196,206.4,396.0,45.59,81.75
43197,206.5,396.0,45.62,81.77
43198,206.4,395.8,45.65,81.71
43199,206.3,395.5,45.69,81.61
43200,206.3,395.7,45.73,81.63
43201,206.3,395.0,45.77,81.49
43202,206.3,395.0,45.8,81.47
43203,206.2,395.0,45.85,81.45
43204,206.1,396.0,45.89,81.62
43205,206.1,395.2,45.93,81.46
43206,206.1,395.5,45.97,81.5
43207,206.2,395.8,45.99,81.62
43208,206.9,395.6,46.03,81.83
43209,207.0,395.7,46.05,81.89
43210,207.0,395.7,46.09,81.9
43211,206.9,396.0,46.11,81.95
43212,206.9,396.0,46.15,81.92
43213,206.9,396.0,46.19,81.92
43214,206.9,395.8,46.22,81.89
43215,206.8,395.5,46.26,81.8
43216,206.8,396.0,46.29,81.88
43217,206.7,396.0,46.33,81.85
43218,206.6,396.0,46.37,81.82
43219,206.6,396.0,46.41,81.82
43220,206.5,395.3,46.45,81.64
43221,206.5,395.9,46.48,81.73
43222,206.5,395.5,46.51,81.67
43223,206.5,396.0,46.53,81.77
43224,206.4,396.0,46.57,81.74
43225,206.4,396.0,46.6,81.72
43226,206.3,396.0,46.63,81.7
43227,206.3,396.0,46.66,81.7
43228,206.3,396.0,46.69,81.7
43229,206.5,395.7,46.72,81.72
43230,207.0,395.7,46.76,81.92
43231,207.5,396.0,46.79,82.17
43232,208.1,396.0,46.81,82.41
43233,207.6,396.0,46.84,82.2
43234,207.3,396.0,46.87,82.08
43235,207.3,396.0,46.91,82.08
43236,207.1,396.0,46.94,82.0
43237,206.9,396.0,46.97,81.92
43238,206.8,396.0,47.0,81.91
43239,206.8,396.0,47.03,81.88
43240,206.6,396.0,47.07,81.81
43241,206.5,396.0,47.09,81.77
43242,206.4,396.0,47.13,81.73
43243,206.2,396.0,47.16,81.65
43244,206.0,396.0,47.2,81.59
43245,206.4,396.0,47.23,81.72
43246,206.7,396.0,47.26,81.85
43247,206.6,396.0,47.29,81.81
43248,206.4,396.0,47.31,81.72
43249,206.2,396.0,47.36,81.64
43250,206.1,396.0,47.38,81.63
43251,205.8,396.0,47.42,81.51
43252,206.7,396.0,47.45,81.85
43253,206.5,396.0,47.48,81.79
43254,206.4,396.0,47.52,81.72
43255,206.2,396.0,47.55,81.66
43256,206.1,396.0,47.57,81.6
43257,206.0,396.0,47.6,81.57
43258,206.1,396.0,47.64,81.6
43259,206.0,396.0,47.67,81.58
43260,206.0,396.0,47.7,81.59
43261,206.0,396.0,47.74,81.59
43262,206.0,396.0,47.76,81.58
43263,206.0,396.0,47.8,81.58
43264,205.9,396.0,47.83,81.54
43265,206.5,396.0,47.86,81.78
43266,206.9,396.0,47.89,81.92
43267,206.9,396.0,47.92,81.92
43268,206.9,396.0,47.95,81.92
43269,206.9,396.0,47.99,81.92
43270,206.8,396.0,48.02,81.9
43271,206.8,396.0,48.05,81.9
43272,206.8,396.0,48.08,81.9
43273,206.8,396.0,48.12,81.9
43274,206.7,396.0,48.15,81.87
43275,206.6,396.0,48.17,81.83
43276,206.6,396.0,48.21,81.83
43277,206.6,396.0,48.23,81.8
43278,206.6,396.0,48.27,81.8
43279,206.6,396.0,48.3,81.8
43280,206.5,396.0,48.33,81.78
43281,206.5,396.0,48.36,81.79
43282,206.5,396.0,48.39,81.77
43283,206.5,396.0,48.43,81.77
43284,206.5,396.0,48.45,81.77
43285,206.5,396.0,48.48,81.77
43286,206.4,396.0,48.51,81.73
43287,206.4,396.0,48.54,81.72
43288,206.3,396.0,48.57,81.71
43289,206.3,396.0,48.59,81.7
43290,206.3,396.0,48.63,81.69
43291,206.3,396.0,48.65,81.7
43292,206.2,396.0,48.69,81.67
43293,206.2,396.0,48.71,81.66
43294,206.3,396.0,48.75,81.69
43295,206.3,396.0,48.78,81.68
43296,206.2,396.0,48.8,81.65
43297,206.2,396.0,48.83,81.65
43298,206.2,396.0,48.87,81.65
43299,206.1,396.0,48.9,81.62
43300,206.2,396.0,48.93,81.65
43301,206.1,396.0,48.96,81.62
43302,206.1,396.0,48.99,81.6
43303,206.0,396.0,49.03,81.59
43304,206.0,396.0,49.05,81.58
43305,206.1,396.0,49.08,81.6
43306,206.1,396.0,49.11,81.6
43307,206.0,396.0,49.13,81.58
43308,205.9,396.0,49.17,81.55
43309,205.9,396.0,49.2,81.55
43310,205.9,396.0,49.23,81.55
43311,206.0,396.0,49.25,81.56
43312,205.9,396.0,49.29,81.53
43313,205.9,396.0,49.33,81.55
43314,205.9,396.0,49.35,81.54
43315,206.0,396.0,49.38,81.58
43316,206.8,396.0,49.4,81.87
43317,206.8,396.0,49.43,81.89
43318,206.9,396.0,49.46,81.92
43319,206.8,396.0,49.5,81.91
43320,206.8,396.0,49.52,81.91
43321,206.8,396.0,49.55,81.89
43322,206.8,396.0,49.58,81.9
43323,206.9,396.0,49.62,81.92
43324,206.9,396.0,49.64,81.92
43325,206.9,396.0,49.67,81.92
43326,206.9,396.0,49.7,81.92
43327,206.8,396.0,49.73,81.91
43328,206.8,396.0,49.77,81.91
43329,206.9,396.0,49.8,81.92
43330,206.9,396.0,49.82,81.92
43331,206.9,396.0,49.85,81.92
43332,206.9,396.0,49.88,81.92
43333,206.8,396.0,49.92,81.9
43334,206.8,396.0,49.95,81.88
43335,206.7,396.0,49.98,81.87
43336,206.8,396.0,50.0,81.9
43337,206.8,396.0,50.04,81.9
43338,206.8,396.0,50.08,81.9
43339,206.8,396.0,50.1,81.9
43340,206.8,396.0,50.13,81.9
43341,206.8,396.0,50.16,81.89
43342,206.7,396.0,50.2,81.85
43343,206.7,396.0,50.23,81.85
43344,206.6,396.0,50.27,81.83
43345,206.7,396.0,50.29,81.84
43346,206.7,396.0,50.33,81.84
43347,206.6,396.0,50.36,81.82
43348,206.6,396.0,50.39,81.8
43349,206.6,396.0,50.42,81.82
43350,206.7,396.0,50.45,81.84
43351,206.6,396.0,50.48,81.8
43352,206.6,396.0,50.51,81.8
43353,206.5,396.0,50.55,81.78
43354,206.6,396.0,50.57,81.8
43355,206.5,396.0,50.6,81.78
43356,206.5,396.0,50.63,81.77
43357,206.5,396.0,50.67,81.77
43358,206.4,396.0,50.7,81.73
43359,206.4,396.0,50.72,81.75
43360,206.4,396.0,50.76,81.73
43361,206.4,396.0,50.79,81.73
43362,206.4,396.0,50.82,81.73
43363,206.4,396.0,50.85,81.73
43364,206.4,396.0,50.88,81.73
43365,206.4,396.0,50.91,81.73
43366,206.4,396.0,50.94,81.72
43367,206.3,396.0,50.97,81.71
43368,206.3,396.0,51.0,81.7
43369,206.4,396.0,51.03,81.73
43370,206.4,396.0,51.05,81.73
43371,206.4,396.0,51.09,81.73
43372,206.5,396.0,51.13,81.77
43373,206.4,396.0,51.16,81.73
43374,206.4,396.0,51.18,81.73
43375,206.4,396.0,51.21,81.73
43376,206.4,396.0,51.25,81.73
43377,206.3,396.0,51.28,81.71
43378,206.4,396.0,51.31,81.73
43379,206.3,396.0,51.34,81.7
43380,206.3,396.0,51.37,81.7
43381,206.3,396.0,51.4,81.68
43382,206.3,396.0,51.44,81.69
43383,206.3,396.0,51.47,81.68
43384,206.3,396.0,51.49,81.69
43385,206.3,396.0,51.53,81.7
43386,206.1,396.0,51.56,81.62
43387,206.2,396.0,51.59,81.65
43388,206.2,396.0,51.61,81.65
43389,206.1,396.0,51.65,81.63
43390,206.2,396.0,51.68,81.64
43391,206.1,396.0,51.72,81.62
43392,206.1,396.0,51.75,81.61
43393,206.0,396.0,51.78,81.6
43394,206.0,396.0,51.81,81.59
43395,206.0,396.0,51.84,81.58
43396,206.0,396.0,51.88,81.58
43397,206.0,396.0,51.9,81.57
43398,206.0,396.0,51.94,81.57
43399,206.0,396.0,51.96,81.59
43400,206.0,396.0,51.99,81.57
43401,205.9,396.0,52.02,81.55
43402,205.9,396.0,52.05,81.55
43403,206.0,396.0,52.09,81.58
43404,206.0,396.0,52.11,81.58
43405,205.9,396.0,52.14,81.54
43406,206.0,396.0,52.17,81.56
43407,206.0,396.0,52.21,81.56
43408,205.9,396.0,52.24,81.55
43409,206.0,396.0,52.26,81.56
43410,205.9,396.0,52.3,81.55
43411,205.9,396.0,52.33,81.55
43412,205.9,396.0,52.37,81.54
43413,206.0,396.0,52.39,81.58
43414,206.0,396.0,52.42,81.58
43415,205.9,396.0,52.45,81.56
43416,205.9,396.0,52.49,81.53
43417,205.9,396.0,52.52,81.53
43418,205.9,396.0,52.54,81.54
43419,206.0,396.0,52.57,81.58
43420,205.9,396.0,52.61,81.54
43421,205.9,396.0,52.64,81.53
43422,205.9,396.0,52.66,81.54
43423,205.9,396.0,52.69,81.53
43424,206.8,396.0,52.72,81.91
43425,206.9,396.0,52.76,81.92
43426,206.8,396.0,52.79,81.91
43427,206.8,396.0,52.82,81.9
43428,206.8,396.0,52.85,81.9
43429,206.8,396.0,52.89,81.9
43430,206.8,396.0,52.92,81.88
43431,206.8,396.0,52.94,81.9
43432,206.7,396.0,52.98,81.87
43433,206.7,396.0,53.01,81.85
43434,206.7,396.0,53.05,81.84
43435,206.6,396.0,53.07,81.82
43436,206.7,396.0,53.1,81.85
43437,206.7,396.6,53.13,81.97
43438,206.7,396.0,53.16,81.85
43439,206.6,396.0,53.19,81.81
43440,206.7,396.0,53.22,81.85
43441,206.7,396.0,53.26,81.85
43442,206.7,396.0,53.29,81.85
43443,206.7,396.0,53.32,81.85
43444,206.7,396.0,53.36,81.85
43445,206.6,396.0,53.39,81.81
43446,206.6,396.0,53.42,81.82
43447,206.7,396.0,53.45,81.85
43448,206.6,396.5,53.48,81.92
43449,206.5,396.2,53.51,81.82
43450,206.5,396.0,53.54,81.79
43451,206.6,396.0,53.57,81.8
43452,206.5,396.0,53.6,81.79
43453,206.5,396.0,53.63,81.79
43454,206.5,396.0,53.66,81.77
43455,206.6,396.0,53.7,81.8
43456,206.6,396.0,53.72,81.8
43457,206.5,396.0,53.76,81.78
43458,206.5,396.3,53.79,81.84
43459,206.5,396.3,53.82,81.84
43460,206.5,397.0,53.84,81.98
43461,206.5,397.0,53.87,81.98
43462,206.5,396.0,53.9,81.77
43463,206.5,396.0,53.94,81.76
43464,206.5,396.0,53.98,81.77
43465,206.5,396.0,54.0,81.77
43466,206.5,396.0,54.04,81.77
43467,206.5,396.0,54.07,81.77
43468,206.5,396.0,54.11,81.77
43469,206.5,396.0,54.14,81.77
43470,206.5,396.0,54.17,81.77
43471,206.4,396.4,54.21,81.84
43472,206.5,396.2,54.24,81.81
43473,206.5,396.0,54.28,81.77
43474,206.5,396.0,54.3,81.77
43475,206.5,396.0,54.34,81.77
43476,206.5,396.9,54.37,81.95
43477,206.5,396.3,54.41,81.85
43478,206.6,397.0,54.44,82.0
43479,206.5,397.0,54.47,82.0
43480,206.5,396.6,54.51,81.89
43481,206.5,396.2,54.55,81.81
43482,206.5,397.0,54.59,81.98
43483,206.5,396.8,54.61,81.95
43484,206.6,396.0,54.64,81.8
43485,206.5,396.3,54.68,81.85
43486,206.5,397.0,54.72,82.0
43487,206.5,397.0,54.74,81.98
43488,206.5,397.0,54.78,81.98
43489,206.5,396.6,54.81,81.89
43490,206.5,396.8,54.85,81.95
43491,206.5,397.0,54.89,81.98
43492,206.5,396.8,54.91,81.96
43493,206.5,396.0,54.94,81.77
43494,206.5,396.3,54.97,81.84
43495,206.5,397.0,55.0,81.96
43496,206.5,397.0,55.03,81.98
43497,206.4,397.0,55.05,81.96
43498,206.5,397.0,55.09,81.99
43499,206.5,396.8,55.11,81.95
43500,206.5,396.5,55.14,81.88
43501,206.5,397.0,55.17,81.96
43502,206.5,397.0,55.21,81.97
43503,206.5,397.0,55.24,81.98
43504,206.5,396.3,55.27,81.84
43505,206.5,397.0,55.31,81.98
43506,206.5,396.9,55.34,81.94
43507,206.5,396.5,55.37,81.88
43508,206.5,396.3,55.39,81.84
43509,206.5,396.5,55.42,81.88
43510,206.5,396.9,55.45,81.94
43511,206.5,396.3,55.49,81.84
43512,206.5,397.0,55.52,81.98
43513,206.5,397.0,55.55,81.98
43514,206.5,397.0,55.58,81.98
43515,206.4,396.4,55.62,81.84
43516,206.5,397.0,55.66,81.98
43517,206.5,397.0,55.68,81.98
43518,206.5,397.0,55.72,81.96
43519,206.5,397.0,55.76,81.98
43520,206.5,397.0,55.8,81.98
43521,206.5,397.0,55.82,81.98
43522,206.5,397.0,55.85,81.98
43523,206.5,397.0,55.88,81.98
43524,206.5,397.0,55.91,81.98
43525,206.4,397.0,55.95,81.95
43526,206.5,397.0,55.97,81.99
43527,206.5,397.0,56.0,81.99
43528,206.5,397.0,56.03,81.97
43529,206.5,397.0,56.07,81.97
43530,206.5,397.0,56.1,81.99
43531,206.5,397.0,56.12,81.99
43532,206.4,397.0,56.15,81.96
43533,206.5,397.0,56.19,81.96
43534,206.5,397.0,56.22,81.96
43535,206.5,397.0,56.24,81.96
43536,206.4,397.0,56.27,81.96
43537,206.4,397.0,56.3,81.96
43538,206.5,397.0,56.33,81.97
43539,206.4,397.0,56.36,81.96
43540,206.5,397.0,56.39,81.97
43541,206.5,397.0,56.43,81.98
43542,206.5,397.0,56.45,81.98
43543,206.5,397.0,56.49,81.98
43544,206.5,397.0,56.52,81.97
43545,206.5,397.0,56.56,81.97
43546,206.5,397.0,56.59,81.98
43547,206.5,397.0,56.62,81.98
43548,206.5,397.0,56.65,81.98
43549,206.5,397.0,56.68,81.98
43550,206.5,397.0,56.71,81.98
43551,206.5,397.0,56.74,81.98
43552,206.4,397.0,56.77,81.95
43553,206.5,397.0,56.8,81.98
43554,206.4,397.0,56.83,81.94
43555,206.4,397.0,56.86,81.96
43556,206.5,397.0,56.89,81.98
43557,206.4,397.0,56.92,81.96
43558,206.5,397.0,56.95,81.97
43559,206.5,397.0,56.99,81.98
43560,206.5,397.0,57.01,81.96
43561,206.5,397.0,57.04,81.96
43562,206.5,397.0,57.07,81.98
43563,206.5,397.0,57.11,81.97
43564,206.4,397.0,57.13,81.93
43565,205.6,397.0,57.16,81.62
43566,193.7,396.0,57.19,76.69
43567,187.5,396.0,57.22,74.25
43568,187.5,396.0,57.26,74.25
43569,187.5,396.0,57.28,74.24
43570,187.5,396.0,57.32,74.24
43571,187.5,396.0,57.34,74.25
43572,187.5,396.0,57.37,74.23
43573,187.5,396.0,57.4,74.24
43574,187.5,396.0,57.43,74.24
43575,187.4,396.0,57.46,74.23
43576,187.5,396.0,57.48,74.25
43577,187.5,396.0,57.51,74.25
43578,187.5,396.0,57.54,74.25
43579,187.5,396.0,57.57,74.25
43580,187.4,396.0,57.6,74.23
43581,187.5,396.0,57.62,74.24
43582,187.5,396.0,57.65,74.25
43583,187.5,396.0,57.67,74.25
43584,187.5,396.0,57.71,74.25
43585,187.5,396.0,57.73,74.26
43586,187.5,396.0,57.76,74.26
43587,187.5,396.0,57.78,74.27
43588,187.5,396.0,57.81,74.26
43589,187.5,396.0,57.85,74.24
43590,187.5,396.0,57.87,74.25
43591,187.6,396.0,57.9,74.27
43592,187.5,396.0,57.92,74.25
43593,187.4,396.0,57.95,74.22
43594,187.5,396.0,57.97,74.25
43595,187.4,396.0,58.01,74.22
43596,187.4,396.0,58.04,74.23
43597,187.4,396.0,58.06,74.2
43598,187.4,396.0,58.09,74.2
43599,187.4,396.0,58.11,74.2
43600,187.4,396.0,58.15,74.2
43601,187.4,396.0,58.17,74.2
43602,187.5,396.0,58.21,74.23
43603,187.4,396.0,58.23,74.22
43604,187.5,396.0,58.26,74.25
43605,187.5,396.0,58.29,74.25
43606,187.5,396.0,58.32,74.24
43607,187.4,396.0,58.35,74.23
43608,187.3,396.0,58.38,74.18
43609,187.5,396.0,58.4,74.25
43610,187.5,396.0,58.43,74.24
43611,187.5,396.0,58.47,74.24
43612,187.5,396.0,58.49,74.23
43613,187.5,396.0,58.53,74.25
43614,187.5,396.0,58.55,74.25
43615,187.5,396.0,58.57,74.25
43616,187.5,396.0,58.61,74.26
43617,187.5,396.0,58.64,74.25
43618,187.5,396.0,58.67,74.25
43619,187.5,396.0,58.7,74.25
43620,187.4,396.0,58.72,74.22
43621,187.5,396.0,58.75,74.25
43622,187.5,396.0,58.79,74.25
43623,187.5,396.0,58.82,74.25
43624,187.5,396.0,58.84,74.23
43625,187.5,396.0,58.87,74.25
43626,187.5,396.0,58.9,74.25
43627,187.5,396.0,58.93,74.25
43628,187.5,396.0,58.95,74.25
43629,187.5,396.0,58.98,74.25
43630,187.4,396.0,59.0,74.22
43631,187.5,396.0,59.04,74.25
43632,187.5,396.0,59.07,74.25
43633,187.5,396.0,59.09,74.25
43634,187.5,396.0,59.12,74.25
43635,187.5,396.0,59.14,74.24
43636,187.5,396.0,59.18,74.23
43637,187.4,396.0,59.21,74.2
43638,187.4,396.0,59.24,74.2
43639,187.5,396.0,59.26,74.25
43640,187.5,396.0,59.29,74.25
43641,187.5,396.0,59.32,74.25
43642,187.4,396.0,59.36,74.22
43643,187.5,396.0,59.38,74.26
43644,187.5,396.0,59.41,74.25
43645,187.5,396.0,59.45,74.24
43646,187.5,396.0,59.47,74.25
43647,187.5,396.0,59.51,74.25
43648,187.5,396.0,59.53,74.25
43649,187.5,396.0,59.56,74.25
43650,187.5,396.0,59.59,74.25
43651,187.5,396.0,59.62,74.25
43652,187.5,396.0,59.65,74.26
43653,187.4,396.0,59.68,74.22
43654,187.5,396.0,59.7,74.25
43655,187.5,396.0,59.72,74.25
43656,187.4,396.0,59.75,74.22
43657,187.4,396.0,59.77,74.23
43658,187.5,396.0,59.81,74.24
43659,187.5,396.0,59.83,74.25
43660,187.5,396.0,59.86,74.25
43661,187.5,396.0,59.88,74.25
43662,187.4,396.0,59.91,74.22
43663,187.4,396.0,59.95,74.22
43664,187.5,396.0,59.97,74.25
43665,187.4,396.0,60.0,74.22
43666,187.4,396.0,60.02,74.2
43667,187.5,396.0,60.05,74.24
43668,187.5,396.0,60.08,74.25
43669,187.4,396.0,60.11,74.22
43670,187.5,396.0,60.13,74.25
43671,187.5,396.0,60.16,74.25
43672,187.5,396.0,60.19,74.25
43673,187.5,396.0,60.21,74.25
43674,187.5,396.0,60.25,74.25
43675,187.5,396.0,60.28,74.24
43676,187.5,396.0,60.3,74.24
43677,187.4,396.0,60.32,74.23
43678,187.5,396.0,60.35,74.25
43679,187.5,396.0,60.38,74.25
43680,187.5,396.0,60.41,74.25
43681,187.5,396.0,60.44,74.25
43682,187.5,396.0,60.46,74.25
43683,187.5,396.0,60.49,74.24
43684,187.4,396.0,60.51,74.2
43685,187.5,396.0,60.54,74.24
43686,187.5,396.0,60.57,74.25
43687,187.5,396.0,60.6,74.25
43688,187.4,396.0,60.62,74.22
43689,187.5,396.0,60.64,74.25
43690,187.5,396.0,60.68,74.25
43691,187.5,396.0,60.72,74.25
43692,187.5,396.0,60.74,74.24
43693,187.4,396.0,60.77,74.23
43694,187.4,396.0,60.79,74.22
43695,187.5,396.0,60.82,74.24
43696,187.5,396.0,60.85,74.25
43697,187.5,396.0,60.88,74.25
43698,187.5,396.0,60.9,74.25
43699,187.5,396.0,60.93,74.25
43700,187.4,396.0,60.95,74.22
43701,187.5,396.0,60.98,74.24
43702,187.4,396.0,61.01,74.23
43703,187.5,396.0,61.03,74.25
43704,187.5,396.0,61.06,74.25
43705,187.4,396.0,61.08,74.22
43706,187.4,396.0,61.11,74.22
43707,187.4,396.0,61.13,74.22
43708,187.5,396.0,61.17,74.25
43709,187.4,396.0,61.2,74.23
43710,187.5,396.0,61.23,74.23
43711,187.4,396.0,61.25,74.23
43712,187.4,396.0,61.27,74.22
43713,187.4,396.0,61.31,74.22
43714,187.5,396.0,61.34,74.25
43715,187.5,396.0,61.37,74.25
43716,187.5,396.0,61.39,74.25
43717,187.5,396.0,61.42,74.25
43718,187.5,396.0,61.45,74.25
43719,187.5,396.0,61.48,74.25
43720,187.5,396.0,61.5,74.25
43721,187.5,396.0,61.52,74.25
43722,187.5,396.5,61.55,74.34
43723,187.5,396.3,61.57,74.31
43724,187.5,396.5,61.61,74.34
43725,187.5,396.0,61.63,74.25
43726,187.4,396.0,61.66,74.22
43727,187.4,396.0,61.69,74.23
43728,187.5,396.7,61.71,74.38
43729,187.5,396.0,61.75,74.25
43730,187.5,396.0,61.77,74.25
43731,187.5,396.0,61.8,74.25
43732,187.5,396.0,61.82,74.25
43733,187.5,396.5,61.85,74.36
43734,187.6,397.0,61.88,74.46
43735,187.5,396.3,61.92,74.33
43736,187.5,396.3,61.95,74.31
43737,187.6,397.0,61.97,74.46
43738,187.6,397.0,62.0,74.46
43739,187.5,397.0,62.02,74.45
43740,187.5,397.0,62.07,74.43
43741,187.5,397.0,62.09,74.44
43742,187.5,397.0,62.12,74.44
43743,187.5,396.7,62.15,74.4
43744,187.5,396.0,62.17,74.25
43745,187.5,396.3,62.2,74.31
43746,187.5,397.0,62.23,74.44
43747,187.5,397.0,62.26,74.44
43748,187.5,397.0,62.28,74.44
43749,187.5,397.0,62.32,74.44
43750,187.5,397.0,62.34,74.44
43751,187.4,397.0,62.37,74.41
43752,187.4,397.0,62.4,74.42
43753,187.4,397.0,62.43,74.39
43754,187.4,396.7,62.45,74.33
43755,187.5,396.7,62.47,74.36
43756,187.4,396.4,62.51,74.31
43757,187.4,397.0,62.53,74.39
43758,187.4,396.5,62.57,74.3
43759,187.4,396.2,62.59,74.23
43760,187.4,396.4,62.62,74.28
43761,187.4,397.0,62.65,74.39
43762,187.4,396.3,62.68,74.26
43763,187.4,397.0,62.71,74.39
43764,187.4,397.0,62.74,74.39
43765,187.4,397.0,62.76,74.39
43766,187.4,397.0,62.79,74.39
43767,187.4,397.0,62.82,74.39
43768,187.4,397.0,62.84,74.39
43769,187.4,397.0,62.88,74.39
43770,187.4,397.0,62.9,74.39
43771,187.4,397.0,62.93,74.39
43772,187.4,397.0,62.96,74.39
43773,187.4,397.0,62.99,74.39
43774,187.5,397.0,63.02,74.42
43775,187.4,397.0,63.04,74.39
43776,187.4,397.0,63.07,74.39
43777,187.4,397.0,63.1,74.39
43778,187.4,397.0,63.12,74.39
43779,187.4,397.0,63.14,74.41
43780,187.5,397.0,63.16,74.44
43781,187.4,397.0,63.19,74.41
43782,187.4,397.0,63.21,74.4
43783,187.4,396.5,63.26,74.31
43784,187.5,396.8,63.28,74.41
43785,187.5,397.0,63.31,74.44
43786,187.4,397.0,63.34,74.41
43787,187.5,397.0,63.36,74.43
43788,187.4,397.0,63.4,74.41
43789,187.5,397.0,63.43,74.42
43790,187.5,397.0,63.45,74.44
43791,187.5,397.0,63.47,74.44
43792,187.5,397.0,63.51,74.42
43793,187.5,397.0,63.53,74.44
43794,187.5,397.0,63.56,74.42
43795,187.5,397.0,63.59,74.44
43796,187.5,397.0,63.61,74.44
43797,187.4,397.0,63.64,74.41
43798,187.5,397.0,63.66,74.42
43799,187.4,397.0,63.69,74.39
43800,187.5,397.0,63.72,74.42
43801,187.4,397.0,63.75,74.39
43802,187.4,397.0,63.77,74.39
43803,187.4,397.0,63.8,74.42
43804,187.4,397.0,63.83,74.41
43805,187.5,397.0,63.87,74.42
43806,187.4,397.0,63.89,74.41
43807,187.5,397.0,63.92,74.43
43808,187.5,397.0,63.94,74.44
43809,187.5,397.0,63.97,74.42
43810,187.5,397.0,64.01,74.42
43811,187.5,397.0,64.03,74.44
43812,187.5,397.0,64.06,74.43
43813,187.4,397.0,64.09,74.41
43814,187.5,397.0,64.11,74.43
43815,187.4,397.0,64.15,74.39
43816,187.4,397.0,64.18,74.39
43817,187.4,397.0,64.2,74.39
43818,187.4,397.0,64.22,74.41
43819,187.4,397.0,64.25,74.41
43820,187.4,397.0,64.27,74.39
43821,187.4,397.0,64.31,74.39
43822,187.4,397.0,64.34,74.39
43823,187.4,397.0,64.37,74.39
43824,187.4,397.0,64.39,74.41
43825,187.5,397.0,64.42,74.44
43826,187.5,397.0,64.45,74.44
43827,187.5,397.0,64.47,74.42
43828,187.5,397.0,64.5,74.42
43829,187.5,397.0,64.53,74.44
43830,187.5,397.0,64.55,74.43
43831,187.4,397.0,64.58,74.39
43832,187.5,397.0,64.61,74.43
43833,187.5,397.0,64.64,74.44
43834,187.3,397.0,64.67,74.37
43835,187.4,397.0,64.7,74.39
43836,187.4,397.0,64.72,74.39
43837,187.4,397.0,64.76,74.39
43838,187.4,397.0,64.78,74.39
43839,187.4,397.0,64.8,74.39
43840,187.4,397.0,64.82,74.39
43841,187.4,397.0,64.85,74.39
43842,187.4,397.0,64.87,74.39
43843,187.4,397.0,64.9,74.39
43844,187.4,397.0,64.93,74.39
43845,187.3,397.0,64.95,74.36
43846,187.4,397.0,64.98,74.39
43847,187.3,397.0,65.01,74.38
43848,187.3,397.0,65.04,74.36
43849,187.4,397.0,65.07,74.39
43850,187.3,397.0,65.1,74.37
43851,187.3,397.0,65.12,74.37
43852,187.3,397.0,65.15,74.36
43853,187.4,397.0,65.19,74.38
43854,187.4,397.2,65.22,74.41
43855,187.3,397.4,65.25,74.44
43856,187.3,397.0,65.27,74.36
43857,187.4,397.0,65.3,74.39
43858,187.4,397.0,65.32,74.39
43859,187.3,397.0,65.36,74.36
43860,187.4,397.0,65.4,74.39
43861,187.3,397.0,65.42,74.37
43862,187.4,397.0,65.44,74.39
43863,187.4,397.2,65.46,74.42
43864,187.3,398.0,65.51,74.56
43865,187.4,397.0,65.54,74.39
43866,187.3,397.0,65.56,74.37
43867,187.3,397.7,65.59,74.49
43868,187.3,397.0,65.62,74.36
43869,187.3,397.0,65.66,74.36
43870,187.3,397.0,65.68,74.36
43871,187.3,397.0,65.71,74.36
43872,187.3,397.0,65.73,74.34
43873,187.3,397.0,65.76,74.35
43874,187.3,397.0,65.78,74.35
43875,187.3,397.0,65.81,74.36
43876,187.3,397.7,65.84,74.48
43877,187.3,397.0,65.87,74.36
43878,187.3,397.5,65.89,74.45
43879,187.3,397.8,65.91,74.52
43880,187.3,397.0,65.96,74.36
43881,187.2,397.3,65.99,74.39
43882,187.3,398.0,66.01,74.54
43883,187.2,397.0,66.04,74.31
43884,187.2,397.0,66.06,74.32
43885,187.3,397.4,66.1,74.44
43886,187.2,397.8,66.13,74.47
43887,187.3,397.0,66.17,74.35
43888,187.3,397.7,66.19,74.49
43889,187.3,397.5,66.21,74.46
43890,187.3,397.7,66.24,74.5
43891,187.3,397.0,66.27,74.36
43892,187.3,398.0,66.29,74.55
43893,187.3,398.0,66.32,74.55
43894,187.3,398.0,66.34,74.55
43895,187.3,398.0,66.37,74.55
43896,187.3,398.0,66.4,74.55
43897,187.3,397.8,66.42,74.52
43898,187.3,397.6,66.45,74.47
43899,187.3,397.7,66.48,74.49
43900,187.3,397.0,66.5,74.36
43901,187.3,398.0,66.53,74.55
43902,187.3,397.3,66.56,74.42
43903,187.3,398.0,66.59,74.54
43904,187.3,398.0,66.62,74.55
43905,187.3,398.0,66.65,74.55
43906,187.3,397.3,66.67,74.42
43907,187.3,398.0,66.7,74.55
43908,187.3,398.0,66.73,74.53
43909,187.3,398.0,66.76,74.54
43910,187.3,398.0,66.78,74.53
43911,187.2,397.4,66.81,74.41
43912,187.2,398.0,66.84,74.52
43913,187.3,398.0,66.87,74.56
43914,187.3,398.0,66.9,74.56
43915,187.3,397.7,66.93,74.48
43916,187.3,397.7,66.96,74.48
43917,187.3,398.0,67.0,74.55
43918,187.3,398.0,67.02,74.55
43919,187.3,398.0,67.05,74.54
43920,187.3,398.0,67.08,74.55
43921,187.3,398.0,67.11,74.55
43922,187.3,398.0,67.13,74.55
43923,187.3,398.0,67.17,74.55
43924,187.3,398.0,67.19,74.55
43925,187.3,398.0,67.22,74.54
43926,187.2,398.0,67.25,74.5
43927,187.2,398.0,67.27,74.5
43928,187.2,398.0,67.31,74.5
43929,187.1,398.0,67.34,74.45
43930,187.1,398.0,67.37,74.48
43931,187.1,398.0,67.39,74.48
43932,187.2,398.0,67.42,74.5
43933,187.2,398.0,67.45,74.5
43934,187.2,398.0,67.48,74.51
43935,187.3,398.0,67.51,74.55
43936,187.2,398.0,67.53,74.52
43937,187.3,398.0,67.56,74.55
43938,187.3,398.0,67.59,74.55
43939,187.3,398.0,67.62,74.55
43940,187.2,398.0,67.64,74.5
43941,187.2,398.0,67.68,74.5
43942,187.2,398.0,67.7,74.5
43943,187.2,398.0,67.73,74.5
43944,187.2,398.0,67.76,74.5
43945,187.2,398.0,67.79,74.5
43946,187.2,398.0,67.81,74.5
43947,187.1,398.0,67.83,74.45
43948,187.1,398.0,67.86,74.45
43949,181.0,397.8,67.89,72.0
43950,168.4,397.0,67.92,66.84
43951,168.1,397.0,67.94,66.75
43952,168.2,397.0,67.97,66.76
43953,168.2,397.0,67.99,66.8
43954,168.2,397.0,68.02,66.79
43955,168.1,397.0,68.06,66.75
43956,168.2,397.0,68.08,66.77
43957,168.2,397.0,68.1,66.77
43958,168.2,397.0,68.12,66.77
43959,168.2,397.0,68.15,66.77
43960,168.2,397.0,68.18,66.77
43961,168.1,397.0,68.21,66.74
43962,168.1,397.0,68.24,66.75
43963,168.2,397.0,68.26,66.76
43964,168.2,397.0,68.29,66.77
43965,168.2,397.0,68.31,66.77
43966,168.2,397.0,68.34,66.77
43967,168.2,397.0,68.37,66.77
43968,168.2,397.0,68.39,66.77
43969,168.2,397.0,68.42,66.77
43970,168.2,397.0,68.44,66.77
43971,168.2,397.0,68.46,66.77
43972,168.3,397.0,68.49,66.82
43973,168.3,397.0,68.52,66.82
43974,168.3,397.0,68.54,66.82
43975,168.2,397.0,68.56,66.79
43976,168.2,397.0,68.59,66.77
43977,168.3,397.0,68.61,66.8
43978,168.3,397.0,68.65,66.81
43979,168.4,397.0,68.67,66.85
43980,168.4,397.0,68.69,66.85
43981,168.4,397.0,68.72,66.85
43982,168.3,397.0,68.74,66.81
43983,168.4,397.0,68.76,66.85
43984,168.4,397.0,68.79,66.85
43985,168.4,397.0,68.82,66.87
43986,168.5,397.0,68.84,66.89
43987,168.5,397.0,68.87,66.89
43988,168.5,397.0,68.89,66.89
43989,168.4,397.0,68.91,66.85
43990,168.5,397.0,68.94,66.89
43991,168.4,397.0,68.97,66.86
43992,168.4,397.0,68.99,66.85
43993,168.4,397.0,69.02,66.85
43994,168.5,397.0,69.04,66.89
43995,168.5,397.0,69.06,66.89
43996,168.5,397.0,69.08,66.89
43997,168.5,397.0,69.12,66.89
43998,168.5,397.0,69.15,66.88
43999,168.6,397.0,69.17,66.92
44000,168.5,397.0,69.19,66.9
44001,168.5,397.0,69.21,66.89
44002,168.5,397.0,69.26,66.91
44003,168.6,397.0,69.28,66.92
44004,168.6,397.0,69.3,66.92
44005,168.6,397.0,69.33,66.92
44006,168.7,397.0,69.35,66.96
44007,168.7,397.0,69.37,66.97
44008,168.6,397.0,69.4,66.95
44009,168.6,397.0,69.43,66.92
44010,168.6,397.0,69.46,66.92
44011,168.6,397.0,69.48,66.92
44012,168.6,397.0,69.51,66.92
44013,168.6,397.0,69.52,66.92
44014,168.6,397.0,69.56,66.92
44015,168.7,397.0,69.58,66.96
44016,168.7,397.0,69.61,66.97
44017,168.7,397.0,69.63,66.97
44018,168.7,397.0,69.65,66.97
44019,168.7,397.0,69.68,66.97
44020,168.6,397.0,69.72,66.94
44021,168.7,397.0,69.73,66.97
44022,168.7,397.0,69.75,66.98
44023,168.7,397.0,69.78,66.99
44024,168.7,397.0,69.8,66.99
44025,168.7,397.0,69.83,66.99
44026,168.7,397.0,69.86,66.97
44027,168.7,397.0,69.89,66.97
44028,168.7,397.0,69.92,66.97
44029,168.7,397.0,69.94,66.98
44030,168.8,397.0,69.96,67.02
44031,168.7,397.0,69.99,66.98
44032,168.7,397.0,70.01,66.97
44033,168.7,397.0,70.04,66.97
44034,168.6,397.0,70.06,66.94
44035,168.7,397.0,70.08,66.97
44036,168.7,397.0,70.11,66.97
44037,168.6,397.0,70.13,66.94
44038,168.8,397.0,70.17,67.0
44039,168.8,397.0,70.18,67.02
44040,168.8,397.0,70.21,67.02
44041,168.8,397.0,70.23,67.02
44042,168.7,397.0,70.25,66.99
44043,168.8,397.0,70.28,67.02
44044,168.8,397.0,70.31,67.03
44045,168.8,397.0,70.34,67.02
44046,168.9,397.0,70.36,67.05
44047,168.8,397.0,70.38,67.03
44048,168.8,397.0,70.41,67.03
44049,168.8,397.0,70.44,67.0
44050,168.8,397.0,70.47,67.0
44051,168.8,397.0,70.49,67.02
44052,168.8,397.0,70.52,67.02
44053,168.8,397.0,70.54,67.0
44054,168.8,397.0,70.56,67.02
44055,168.8,397.0,70.6,67.02
44056,168.8,397.0,70.62,67.02
44057,168.8,397.0,70.64,67.01
44058,168.8,397.0,70.67,67.01
44059,168.8,397.0,70.7,67.02
44060,168.8,397.0,70.72,67.01
44061,168.8,397.0,70.75,67.01
44062,168.8,397.0,70.78,67.02
44063,168.8,397.0,70.8,67.03
44064,168.8,397.0,70.82,67.01
44065,168.9,397.0,70.85,67.04
44066,168.9,397.0,70.86,67.05
44067,168.9,397.0,70.89,67.05
44068,168.9,397.0,70.93,67.05
44069,168.9,397.0,70.95,67.05
44070,168.8,397.5,70.98,67.1
44071,168.9,397.4,71.0,67.12
44072,168.9,397.3,71.04,67.1
44073,168.9,397.0,71.06,67.05
44074,168.9,397.0,71.08,67.05
44075,168.9,397.6,71.1,67.14
44076,168.8,397.0,71.13,67.03
44077,168.8,397.0,71.16,67.03
44078,168.9,397.0,71.18,67.04
44079,168.8,397.0,71.21,67.01
44080,168.8,398.0,71.24,67.19
44081,168.9,397.3,71.26,67.1
44082,168.8,397.0,71.27,67.02
44083,168.8,397.7,71.3,67.13
44084,168.8,398.0,71.32,67.19
44085,168.8,397.2,71.35,67.05
44086,168.8,397.5,71.38,67.1
44087,168.8,398.0,71.4,67.19
44088,168.8,398.0,71.43,67.19
44089,168.8,397.3,71.46,67.07
44090,168.8,398.0,71.48,67.19
44091,168.8,398.0,71.51,67.16
44092,168.9,397.9,71.54,67.18
44093,168.8,397.5,71.57,67.11
44094,168.8,398.0,71.59,67.17
44095,168.8,398.0,71.61,67.17
44096,168.8,397.4,71.64,67.09
44097,168.8,398.0,71.67,67.18
44098,168.7,398.0,71.7,67.14
44099,168.7,398.0,71.72,67.14
44100,168.7,398.0,71.74,67.14
44101,168.7,398.0,71.77,67.12
44102,168.8,398.0,71.79,67.19
44103,168.7,398.0,71.82,67.14
44104,168.8,398.0,71.84,67.17
44105,168.8,398.0,71.87,67.2
44106,168.8,398.0,71.89,67.2
44107,168.9,398.0,71.91,67.21
44108,168.9,398.0,71.94,67.21
44109,168.8,398.0,71.97,67.2
44110,168.9,397.8,72.0,67.19
44111,168.9,397.5,72.03,67.13
44112,168.9,398.0,72.05,67.21
44113,168.9,398.0,72.07,67.21
44114,168.9,398.0,72.1,67.21
44115,168.9,398.0,72.13,67.21
44116,168.9,398.0,72.16,67.24
44117,169.0,398.0,72.18,67.26
44118,169.0,398.0,72.2,67.26
44119,169.0,398.0,72.22,67.26
44120,169.0,398.0,72.25,67.26
44121,169.0,398.0,72.27,67.26
44122,169.0,398.0,72.3,67.26
44123,169.0,398.0,72.33,67.26
44124,169.0,398.0,72.35,67.26
44125,169.0,398.0,72.37,67.27
44126,169.0,398.0,72.39,67.28
44127,169.0,398.0,72.42,67.26
44128,169.0,398.0,72.45,67.26
44129,169.0,398.0,72.48,67.26
44130,169.0,398.0,72.5,67.26
44131,169.0,398.0,72.53,67.25
44132,168.8,398.0,72.57,67.19
44133,168.9,398.0,72.59,67.21
44134,168.9,398.0,72.61,67.21
44135,168.9,398.0,72.63,67.21
44136,168.9,398.0,72.66,67.21
44137,168.8,398.0,72.69,67.17
44138,168.8,398.0,72.72,67.19
44139,168.7,398.0,72.74,67.15
44140,168.8,398.0,72.77,67.18
44141,168.9,398.0,72.79,67.21
44142,168.8,398.0,72.81,67.19
44143,168.8,398.0,72.83,67.19
44144,168.7,398.0,72.86,67.16
44145,168.8,398.0,72.89,67.19
44146,168.8,398.0,72.91,67.19
44147,168.7,398.0,72.94,67.15
44148,168.8,398.0,72.96,67.19
44149,168.8,398.0,72.99,67.19
44150,168.8,398.0,73.02,67.19
44151,168.8,398.0,73.04,67.19
44152,168.8,398.0,73.06,67.17
44153,168.8,398.0,73.09,67.18
44154,168.8,398.0,73.12,67.19
44155,168.9,398.0,73.14,67.21
44156,168.8,398.0,73.17,67.18
44157,168.9,398.0,73.2,67.21
44158,168.9,398.0,73.22,67.21
44159,168.9,398.0,73.25,67.21
44160,169.0,398.0,73.27,67.25
44161,169.0,398.0,73.29,67.26
44162,169.0,398.0,73.32,67.26
44163,169.0,398.0,73.35,67.26
44164,169.0,398.0,73.37,67.27
44165,169.1,398.0,73.39,67.29
44166,169.1,398.0,73.42,67.29
44167,169.0,398.0,73.44,67.28
44168,169.0,398.0,73.47,67.26
44169,169.0,398.0,73.49,67.25
44170,168.9,398.0,73.52,67.21
44171,168.9,398.0,73.54,67.21
44172,169.0,398.0,73.57,67.25
44173,169.0,398.0,73.59,67.25
44174,169.0,398.0,73.62,67.25
44175,168.9,398.0,73.65,67.24
44176,169.0,398.0,73.67,67.25
44177,169.0,398.0,73.7,67.26
44178,169.0,398.0,73.72,67.26
44179,169.0,398.0,73.76,67.26
44180,169.0,398.0,73.78,67.26
44181,168.9,398.0,73.8,67.23
44182,168.9,398.0,73.82,67.21
44183,168.9,398.0,73.85,67.21
44184,168.9,398.0,73.87,67.21
44185,168.9,398.0,73.89,67.21
44186,168.8,398.0,73.92,67.19
44187,168.8,398.0,73.95,67.19
44188,168.9,398.0,73.97,67.2
44189,168.9,398.0,73.99,67.2
44190,168.8,398.0,74.02,67.19
44191,168.8,398.0,74.05,67.19
44192,168.8,398.0,74.07,67.19
44193,168.8,398.0,74.1,67.19
44194,168.8,398.0,74.12,67.19
44195,168.8,398.0,74.14,67.2
44196,168.9,398.0,74.16,67.21
44197,168.9,398.0,74.2,67.21
44198,168.9,398.0,74.22,67.21
44199,168.9,398.0,74.25,67.21
44200,168.9,398.0,74.28,67.23
44201,169.0,398.0,74.3,67.26
44202,168.9,398.0,74.32,67.24
44203,168.9,398.0,74.36,67.21
44204,168.9,398.0,74.38,67.21
44205,168.9,398.0,74.41,67.21
44206,168.9,398.0,74.43,67.21
44207,169.0,398.0,74.45,67.26
44208,169.0,398.0,74.47,67.26
44209,169.0,398.0,74.5,67.26
44210,169.0,398.0,74.53,67.26
44211,169.0,398.0,74.56,67.26
44212,169.0,398.0,74.59,67.25
44213,169.0,398.0,74.61,67.26
44214,168.9,398.0,74.64,67.23
44215,169.0,398.0,74.67,67.26
44216,169.0,398.7,74.69,67.37
44217,169.0,398.0,74.72,67.26
44218,169.0,398.3,74.74,67.32
44219,169.0,398.3,74.77,67.32
44220,168.9,398.0,74.8,67.24
44221,168.9,398.0,74.82,67.21
44222,168.9,398.0,74.85,67.21
44223,169.0,398.0,74.87,67.26
44224,169.0,398.5,74.89,67.35
44225,169.0,398.2,74.91,67.27
44226,169.0,398.0,74.95,67.25
44227,169.0,398.7,74.98,67.37
44228,169.0,398.0,75.0,67.26
44229,168.9,398.0,75.02,67.24
44230,169.0,398.0,75.04,67.26
44231,169.0,398.0,75.07,67.26
44232,169.0,398.2,75.1,67.29
44233,169.0,398.5,75.13,67.35
44234,169.0,398.6,75.16,67.36
44235,169.0,398.7,75.18,67.37
44236,168.9,398.0,75.21,67.24
44237,169.0,398.7,75.24,67.37
44238,169.0,398.3,75.27,67.32
44239,169.0,398.3,75.29,67.31
44240,169.0,398.5,75.32,67.35
44241,169.1,398.8,75.34,67.43
44242,169.0,398.0,75.37,67.27
44243,169.0,398.9,75.4,67.41
44244,169.0,399.0,75.43,67.43
44245,169.0,399.0,75.45,67.43
44246,169.0,399.0,75.48,67.42
44247,168.9,399.0,75.51,67.41
44248,169.0,398.3,75.54,67.32
44249,169.0,399.0,75.57,67.43
44250,169.0,399.0,75.59,67.43
44251,169.0,399.0,75.61,67.43
44252,169.0,399.0,75.64,67.42
44253,169.0,399.0,75.65,67.43
44254,169.0,399.0,75.68,67.43
44255,169.0,399.0,75.71,67.43
44256,169.0,399.0,75.73,67.43
44257,169.0,399.0,75.76,67.42
44258,169.0,399.0,75.79,67.43
44259,169.0,399.0,75.81,67.42
44260,169.0,399.0,75.83,67.42
44261,169.0,399.0,75.86,67.43
44262,169.0,399.0,75.88,67.43
44263,169.0,399.0,75.9,67.43
44264,169.0,399.0,75.92,67.43
44265,169.0,399.0,75.95,67.42
44266,169.0,399.0,75.97,67.43
44267,169.0,399.0,76.01,67.43
44268,169.0,399.0,76.03,67.43
44269,169.0,399.0,76.05,67.43
44270,169.0,399.0,76.08,67.43
44271,168.9,399.0,76.1,67.39
44272,168.9,399.0,76.11,67.38
44273,168.9,399.0,76.14,67.38
44274,168.9,399.0,76.18,67.38
44275,168.9,399.0,76.2,67.38
44276,168.9,399.0,76.22,67.38
44277,169.0,399.0,76.24,67.43
44278,169.0,399.0,76.27,67.43
44279,169.0,399.0,76.31,67.43
44280,169.0,399.0,76.33,67.45
44281,169.0,399.0,76.35,67.43
44282,169.0,399.0,76.38,67.43
44283,169.0,399.0,76.4,67.43
44284,169.0,399.0,76.42,67.43
44285,169.0,399.0,76.46,67.43
44286,169.0,399.0,76.49,67.43
44287,169.0,399.0,76.51,67.43
44288,169.0,399.0,76.53,67.43
44289,169.0,399.0,76.55,67.43
44290,169.0,399.0,76.58,67.43
44291,169.0,399.0,76.61,67.43
44292,169.0,399.0,76.64,67.43
44293,169.0,399.0,76.66,67.43
44294,169.0,399.0,76.68,67.43
44295,169.0,399.0,76.71,67.43
44296,169.0,399.0,76.74,67.43
44297,169.0,399.0,76.77,67.43
44298,169.0,399.0,76.79,67.43
44299,169.0,399.0,76.81,67.43
44300,169.0,399.0,76.83,67.43
44301,169.0,399.0,76.86,67.43
44302,169.0,399.0,76.88,67.43
44303,169.0,399.0,76.9,67.45
44304,169.1,399.0,76.93,67.45
44305,169.1,399.0,76.95,67.45
44306,169.1,399.0,76.98,67.45
44307,169.1,399.0,77.0,67.45
44308,169.1,399.0,77.02,67.45
44309,169.1,399.0,77.05,67.45
44310,169.1,399.0,77.08,67.45
44311,169.1,399.0,77.1,67.45
44312,169.1,399.0,77.13,67.45
44313,169.1,399.0,77.15,67.45
44314,169.1,399.0,77.17,67.45
44315,169.1,399.0,77.21,67.45
44316,169.1,399.0,77.23,67.45
44317,169.1,399.0,77.26,67.45
44318,169.1,399.0,77.28,67.45
44319,169.1,399.0,77.3,67.45
44320,169.1,399.0,77.32,67.45
44321,169.1,399.0,77.36,67.45
44322,169.1,399.0,77.39,67.45
44323,169.1,399.0,77.42,67.45
44324,169.1,399.0,77.44,67.45
44325,169.1,399.0,77.47,67.45
44326,169.1,399.0,77.5,67.45
44327,169.1,399.0,77.52,67.45
44328,169.1,399.0,77.55,67.45
44329,169.1,399.0,77.57,67.45
44330,169.1,399.0,77.6,67.45
44331,169.1,399.0,77.62,67.45
44332,169.1,399.0,77.65,67.45
44333,169.1,399.0,77.68,67.45
44334,169.1,399.0,77.71,67.45
44335,169.1,399.0,77.74,67.45
44336,169.1,399.0,77.76,67.45
44337,169.1,399.0,77.78,67.45
44338,169.1,399.0,77.82,67.45
44339,169.1,399.0,77.84,67.45
44340,169.1,399.0,77.86,67.45
44341,169.1,399.0,77.89,67.45
44342,169.1,399.0,77.91,67.45
44343,169.1,399.0,77.94,67.45
44344,169.1,399.0,77.97,67.45
44345,169.1,399.0,77.99,67.45
44346,169.1,399.0,78.02,67.45
44347,169.1,399.0,78.05,67.45
44348,169.1,399.0,78.06,67.45
44349,169.1,399.0,78.1,67.45
44350,169.1,399.0,78.12,67.45
44351,169.1,399.0,78.14,67.45
44352,169.1,399.0,78.17,67.47
44353,169.2,399.5,78.2,67.59
44354,169.2,399.2,78.22,67.54
44355,169.2,399.0,78.25,67.51
44356,169.2,399.0,78.28,67.51
44357,169.2,399.0,78.3,67.51
44358,169.2,399.3,78.32,67.56
44359,169.2,399.3,78.35,67.56
44360,169.2,399.0,78.38,67.51
44361,169.2,399.0,78.41,67.51
44362,169.2,399.0,78.43,67.51
44363,169.2,399.0,78.45,67.51
44364,169.2,399.0,78.48,67.51
44365,169.2,399.0,78.5,67.51
44366,169.2,399.0,78.52,67.51
44367,169.2,399.7,78.56,67.62
44368,169.2,399.7,78.59,67.63
44369,156.7,399.5,78.61,62.6
44370,123.8,397.3,78.63,49.2
44371,112.5,397.0,78.64,44.67
44372,112.4,397.0,78.67,44.61
44373,112.4,397.0,78.69,44.61
44374,112.4,397.0,78.71,44.61
44375,112.4,397.0,78.73,44.61
44376,112.3,396.7,78.74,44.55
44377,112.4,396.0,78.76,44.5
44378,112.4,396.0,78.77,44.5
44379,112.4,396.0,78.79,44.5
44380,112.4,396.0,78.8,44.5
44381,112.4,396.0,78.82,44.5
44382,112.5,396.0,78.84,44.54
44383,112.5,396.0,78.86,44.54
44384,112.4,396.0,78.88,44.52
44385,112.5,396.0,78.89,44.55
44386,112.5,396.0,78.91,44.55
44387,112.5,396.0,78.92,44.55
44388,112.5,396.0,78.93,44.55
44389,112.5,396.0,78.94,44.55
44390,112.5,396.0,78.96,44.55
44391,112.5,396.0,78.98,44.55
44392,112.5,396.0,79.0,44.55
44393,112.5,396.0,79.02,44.55
44394,112.6,396.0,79.03,44.57
44395,112.5,396.0,79.05,44.56
44396,112.5,396.0,79.06,44.56
44397,112.6,396.0,79.08,44.57
44398,112.6,396.0,79.09,44.57
44399,112.6,396.0,79.11,44.57
44400,112.6,396.0,79.12,44.57
44401,112.6,396.0,79.15,44.57
44402,112.7,396.0,79.17,44.62
44403,112.7,395.6,79.18,44.58
44404,112.6,395.8,79.2,44.57
44405,112.6,395.5,79.21,44.53
44406,112.6,395.8,79.23,44.55
44407,112.7,396.0,79.24,44.61
44408,112.7,395.0,79.26,44.51
44409,112.7,395.0,79.27,44.51
44410,112.7,395.3,79.3,44.55
44411,112.7,395.9,79.32,44.61
44412,112.7,395.0,79.34,44.51
44413,112.7,395.7,79.36,44.6
44414,112.7,395.0,79.37,44.53
44415,112.8,395.3,79.39,44.58
44416,112.8,396.0,79.4,44.66
44417,112.8,395.0,79.41,44.55
44418,110.6,395.0,79.42,43.68
44419,110.3,395.0,79.45,43.57
44420,110.8,395.0,79.47,43.78
44421,110.9,395.0,79.48,43.8
44422,110.9,395.0,79.5,43.8
44423,110.9,395.0,79.51,43.8
44424,110.9,395.0,79.53,43.8
44425,110.9,395.0,79.55,43.8
44426,110.9,395.7,79.56,43.87
44427,111.0,395.0,79.57,43.83
44428,110.9,395.0,79.6,43.82
44429,110.9,395.0,79.62,43.81
44430,110.9,395.0,79.63,43.81
44431,111.0,395.7,79.65,43.92
44432,111.0,395.0,79.66,43.84
44433,111.1,395.0,79.68,43.87
44434,111.1,395.0,79.69,43.87
44435,111.1,395.0,79.71,43.87
44436,111.0,395.0,79.73,43.85
44437,111.0,395.0,79.75,43.86
44438,111.1,395.0,79.77,43.87
44439,111.1,395.0,79.78,43.87
44440,111.1,395.0,79.8,43.87
44441,111.0,395.0,79.81,43.84
44442,111.1,395.0,79.82,43.87
44443,111.1,395.0,79.84,43.87
44444,111.1,395.0,79.86,43.89
44445,111.1,395.0,79.87,43.89
44446,111.1,395.0,79.9,43.89
44447,111.1,395.0,79.92,43.9
44448,111.1,395.0,79.93,43.87
44449,111.2,395.0,79.95,43.92
44450,111.2,395.0,79.96,43.92
44451,111.2,395.0,79.98,43.92
44452,111.2,395.0,80.0,43.92
44453,111.2,395.0,80.02,43.92
44454,111.2,395.0,80.04,43.91
44455,111.1,395.0,80.06,43.9
44456,111.2,395.0,80.08,43.92
44457,111.3,395.0,80.09,43.97
44458,111.2,395.0,80.11,43.92
44459,111.2,395.0,80.12,43.92
44460,111.1,395.0,80.13,43.89
44461,111.1,395.0,80.14,43.9
44462,111.1,395.0,80.16,43.87
44463,111.1,395.0,80.18,43.87
44464,111.0,395.0,80.2,43.85
44465,111.0,395.0,80.22,43.84
44466,111.0,395.0,80.23,43.84
44467,111.0,395.0,80.25,43.84
44468,111.0,395.0,80.27,43.85
44469,111.0,395.0,80.28,43.83
44470,111.0,395.0,80.29,43.85
44471,111.0,395.0,80.31,43.83
44472,111.0,395.0,80.32,43.84
44473,111.0,395.0,80.34,43.84
44474,111.0,395.0,80.36,43.86
44475,111.0,395.0,80.37,43.86
44476,111.0,395.0,80.4,43.86
44477,111.1,395.0,80.42,43.87
44478,111.1,395.0,80.43,43.87
44479,111.1,395.0,80.44,43.87
44480,111.1,395.0,80.46,43.87
44481,111.1,395.0,80.48,43.87
44482,111.1,395.0,80.5,43.87
44483,111.1,395.0,80.51,43.87
44484,111.1,395.0,80.53,43.87
44485,111.1,395.0,80.55,43.87
44486,111.1,395.0,80.56,43.87
44487,111.1,395.0,80.57,43.89
44488,111.2,395.0,80.6,43.92
44489,111.1,395.0,80.61,43.89
44490,111.2,395.0,80.63,43.92
44491,111.2,395.0,80.65,43.92
44492,111.2,395.0,80.67,43.92
44493,111.2,395.0,80.68,43.92
44494,111.2,395.0,80.7,43.94
44495,111.2,395.0,80.73,43.94
44496,111.2,395.0,80.74,43.94
44497,111.2,395.0,80.75,43.93
44498,111.3,395.0,80.77,43.97
44499,111.3,395.0,80.79,43.95
44500,111.2,395.0,80.81,43.94
44501,111.3,395.0,80.83,43.96
44502,111.3,395.0,80.84,43.95
44503,111.2,395.3,80.86,43.96
44504,111.3,395.3,80.88,43.99
44505,111.2,395.0,80.89,43.92
44506,111.2,395.0,80.92,43.93
44507,111.2,395.0,80.92,43.94
44508,111.3,395.0,80.95,43.95
44509,111.3,395.0,80.97,43.95
44510,111.2,395.0,80.99,43.94
44511,111.2,395.0,81.0,43.94
44512,111.2,395.0,81.02,43.94
44513,111.2,395.0,81.04,43.92
44514,111.2,395.0,81.06,43.92
44515,111.2,395.0,81.07,43.92
44516,111.2,395.0,81.09,43.92
44517,111.2,395.0,81.12,43.92
44518,111.1,395.5,81.12,43.94
44519,111.1,395.4,81.14,43.95
44520,111.2,395.3,81.16,43.95
44521,111.2,395.3,81.18,43.98
44522,111.2,395.3,81.19,43.97
44523,111.2,395.4,81.2,43.97
44524,111.2,395.2,81.22,43.94
44525,111.2,395.0,81.25,43.92
44526,111.1,395.0,81.26,43.89
44527,111.2,395.0,81.28,43.92
44528,111.2,395.0,81.3,43.92
44529,111.3,395.7,81.3,44.03
44530,111.2,395.3,81.32,43.96
44531,111.1,396.0,81.35,44.0
44532,111.2,396.0,81.36,44.03
44533,111.2,396.0,81.38,44.03
44534,111.2,395.5,81.4,43.98
44535,111.2,395.2,81.42,43.94
44536,111.2,395.4,81.43,43.97
44537,111.2,396.0,81.45,44.03
44538,111.2,395.3,81.47,43.96
44539,111.2,396.0,81.48,44.03
44540,111.2,395.3,81.49,43.96
44541,111.2,396.0,81.51,44.03
44542,111.2,395.3,81.53,43.96
44543,111.2,396.0,81.55,44.03
44544,111.1,396.0,81.56,44.0
44545,111.2,395.4,81.58,43.97
44546,111.2,395.7,81.6,43.99
44547,111.2,395.7,81.61,43.99
44548,111.2,395.7,81.62,43.99
44549,111.2,395.7,81.64,44.0
44550,111.2,396.0,81.65,44.03
44551,111.3,396.0,81.67,44.08
44552,111.3,396.0,81.69,44.08
44553,111.3,396.0,81.71,44.07
44554,111.2,395.3,81.73,43.98
44555,111.2,396.0,81.74,44.03
44556,111.2,396.0,81.75,44.03
44557,111.2,396.0,81.77,44.03
44558,111.2,395.3,81.79,43.95
44559,111.2,395.5,81.8,43.98
44560,111.2,396.0,81.82,44.03
44561,111.2,396.0,81.84,44.03
44562,111.2,396.0,81.86,44.03
44563,111.2,396.0,81.88,44.03
44564,111.2,396.0,81.89,44.03
44565,111.2,396.0,81.9,44.03
44566,111.2,396.0,81.92,44.03
44567,111.3,396.0,81.94,44.06
44568,111.3,396.0,81.95,44.06
44569,111.3,396.0,81.97,44.08
44570,111.3,396.0,81.99,44.08
44571,111.3,396.0,82.01,44.08
44572,111.3,396.0,82.02,44.08
44573,111.3,396.0,82.04,44.08
44574,111.3,396.0,82.05,44.08
44575,111.3,396.0,82.07,44.08
44576,111.3,396.0,82.09,44.06
44577,111.3,396.0,82.1,44.08
44578,111.3,396.0,82.12,44.08
44579,111.3,396.0,82.14,44.08
44580,111.3,396.0,82.16,44.08
44581,111.3,396.0,82.17,44.08
44582,111.3,396.0,82.19,44.08
44583,111.3,396.0,82.2,44.08
44584,111.3,396.0,82.22,44.08
44585,111.3,396.0,82.24,44.08
44586,111.3,396.0,82.26,44.06
44587,111.3,396.0,82.28,44.07
44588,111.3,396.0,82.3,44.07
44589,111.2,396.0,82.31,44.05
44590,111.2,396.0,82.32,44.03
44591,111.2,396.0,82.34,44.03
44592,111.1,396.0,82.36,43.99
44593,111.1,396.0,82.37,43.98
44594,111.1,396.0,82.39,43.98
44595,111.1,396.0,82.4,43.98
44596,111.1,396.0,82.42,43.98
44597,111.0,396.0,82.44,43.95
44598,111.1,396.0,82.46,43.98
44599,111.1,396.0,82.48,43.98
44600,111.1,396.0,82.49,43.98
44601,111.1,396.0,82.51,44.01
44602,111.1,396.0,82.52,44.01
44603,111.1,396.0,82.54,44.0
44604,111.2,396.0,82.54,44.03
44605,111.2,396.0,82.56,44.03
44606,111.2,396.0,82.57,44.03
44607,111.2,396.0,82.6,44.03
44608,111.2,396.0,82.61,44.03
44609,111.2,396.0,82.63,44.03
44610,111.2,396.0,82.65,44.03
44611,111.1,396.0,82.66,44.0
44612,111.2,396.0,82.68,44.03
44613,111.3,396.0,82.69,44.06
44614,111.3,396.0,82.71,44.08
44615,111.3,396.0,82.73,44.07
44616,111.2,396.0,82.75,44.03
44617,111.2,396.0,82.77,44.04
44618,111.3,396.0,82.78,44.08
44619,111.3,396.0,82.8,44.08
44620,111.3,396.0,82.81,44.08
44621,111.1,396.0,82.83,44.0
44622,111.2,396.0,82.84,44.03
44623,111.1,396.0,82.86,44.01
44624,111.2,396.0,82.88,44.02
44625,111.2,396.0,82.9,44.03
44626,111.2,396.0,82.92,44.03
44627,111.2,396.0,82.93,44.03
44628,111.1,396.0,82.95,44.0
44629,111.2,396.0,82.96,44.03
44630,111.2,396.0,82.98,44.03
44631,111.2,396.0,82.99,44.03
44632,111.2,396.0,83.01,44.03
44633,111.2,396.0,83.02,44.03
44634,111.2,396.0,83.05,44.03
44635,111.1,396.0,83.07,44.0
44636,111.1,396.0,83.08,44.0
44637,111.2,396.0,83.1,44.03
44638,111.2,396.0,83.11,44.03
44639,111.2,396.0,83.12,44.03
44640,111.2,396.0,83.13,44.03
44641,111.2,396.0,83.15,44.03
44642,111.2,396.0,83.17,44.03
44643,111.2,396.0,83.18,44.03
44644,111.2,396.0,83.21,44.03
44645,111.2,396.0,83.23,44.03
44646,111.1,396.0,83.25,44.0
44647,111.2,396.0,83.26,44.03
44648,111.2,396.0,83.28,44.03
44649,111.2,396.0,83.3,44.03
44650,111.2,396.0,83.31,44.03
44651,111.2,396.0,83.32,44.02
44652,111.1,396.0,83.35,43.98
44653,111.1,396.0,83.37,43.99
44654,111.1,396.0,83.38,44.01
44655,111.1,396.0,83.4,43.98
44656,111.1,396.0,83.41,43.98
44657,111.1,396.0,83.43,43.98
44658,111.0,396.0,83.44,43.97
44659,111.0,396.0,83.45,43.96
44660,111.1,396.0,83.47,43.98
44661,111.1,396.0,83.48,43.98
44662,111.2,396.0,83.51,44.03
44663,111.1,396.0,83.52,44.0
44664,111.1,396.0,83.54,43.98
44665,111.1,396.0,83.55,44.01
44666,111.2,396.0,83.57,44.03
44667,111.2,396.0,83.59,44.03
44668,111.2,396.0,83.6,44.03
44669,111.1,396.0,83.61,44.0
44670,111.2,396.0,83.63,44.03
44671,111.2,396.0,83.66,44.03
44672,111.2,396.0,83.67,44.03
44673,111.2,396.0,83.69,44.03
44674,111.2,396.0,83.7,44.02
44675,111.1,396.0,83.72,43.98
44676,111.1,396.0,83.73,43.98
44677,111.1,396.0,83.75,43.98
44678,111.1,396.0,83.77,43.98
44679,111.1,396.0,83.8,44.01
44680,111.0,396.0,83.82,43.95
44681,111.1,396.0,83.83,43.98
44682,111.1,396.0,83.85,43.98
44683,111.1,396.0,83.86,43.98
44684,111.1,396.0,83.88,43.98
44685,111.1,396.0,83.89,44.01
44686,111.1,396.0,83.91,43.98
44687,111.1,396.0,83.93,43.98
44688,111.1,396.0,83.95,43.98
44689,74.0,395.2,83.97,29.24
44690,73.2,395.0,83.97,28.93
44691,73.2,394.1,83.99,28.85
44692,73.2,394.7,84.0,28.89
44693,73.2,394.3,84.01,28.86
44694,73.2,394.3,84.02,28.86
44695,73.2,394.0,84.03,28.84
44696,73.2,394.0,84.04,28.84
44697,73.2,394.0,84.05,28.84
44698,73.2,394.0,84.06,28.84
44699,73.1,394.0,84.07,28.8
44700,73.1,394.0,84.07,28.79
